Date,Net_Long,Hedging_Pressure_Variable,Position
1986-01-15,-58725.0,-0.20045056576724182,NA
1986-01-31,-55360.0,-0.18439810805409365,-1
1986-02-14,-39750.0,-0.1324867513248675,-1
1986-02-28,-6875.0,-0.02315555480709318,-1
1986-03-14,-75675.0,-0.2319362500957781,-1
1986-03-31,-78825.0,-0.24344106610664154,-1
1986-04-15,3705.0,0.011564211807668898,-1
1986-04-30,-66230.0,-0.2259792548109731,1
1986-05-15,-56795.0,-0.21917993246502654,-1
1986-05-30,-39200.0,-0.15861455045723072,-1
1986-06-13,-8870.0,-0.03624402402647816,-1
1986-06-30,32245.0,0.136270470153196,-1
1986-07-15,1650.0,0.0077330458827389046,1
1986-07-31,-38075.0,-0.164730568715253,1
1986-08-15,20490.0,0.0948611111111111,-1
1986-08-29,30140.0,0.13958227203260315,1
1986-09-15,-480930.0,-0.6610630781707468,1
1986-09-30,13700.0,0.0651109738130317,-1
1986-10-15,59625.0,0.20668318976723227,1
1986-10-31,-9540.0,-0.027693111556213533,1
1986-11-14,-22550.0,-0.06780323531180468,-1
1986-11-28,-31210.0,-0.08751612360495765,-1
1986-12-15,25850.0,0.07102623986811375,-1
1986-12-31,22330.0,0.060896124792058685,1
1987-01-15,12805.0,0.03908789816694394,1
1987-01-30,12175.0,0.037493263530679805,1
1987-02-13,65700.0,0.21169647172547124,1
1987-02-27,60760.0,0.2062247564742219,1
1987-03-13,16910.0,0.049318983871438155,1
1987-03-31,-7880.0,-0.02091850278736395,1
1987-04-15,-41715.0,-0.10571866644702663,-1
1987-04-30,-46705.0,-0.12851698471444492,-1
1987-05-15,-92510.0,-0.23543633726108976,-1
1987-05-29,-59920.0,-0.1578420525788947,-1
1987-06-15,-147800.0,-0.3956208677962472,-1
1987-06-30,-101960.0,-0.3332243937512256,-1
1987-07-15,-105370.0,-0.3492773800053036,-1
1987-07-31,-102560.0,-0.34986695776761956,-1
1987-08-14,-63960.0,-0.2260310280241722,-1
1987-08-31,-46290.0,-0.16513270547945205,-1
1987-09-15,-55275.0,-0.20256527714154832,-1
1987-09-30,-97805.0,-0.31149577209102347,-1
1987-10-15,-175150.0,-0.4018307791135175,-1
1987-10-30,-115500.0,-0.28991691558523053,-1
1987-11-13,-175230.0,-0.3780256288561936,-1
1987-11-30,-190440.0,-0.35582959641255607,-1
1987-12-15,-160665.0,-0.32722995610863875,-1
1987-12-31,-148975.0,-0.33129482403958416,-1
1988-01-15,-171540.0,-0.3729697997521362,-1
1988-01-29,-125085.0,-0.2845589489848149,-1
1988-02-12,-139045.0,-0.30765231051764,-1
1988-02-29,-170990.0,-0.3699560786689457,-1
1988-03-15,-98485.0,-0.23859245351583794,-1
1988-03-31,-166445.0,-0.36229770468965966,-1
1988-04-15,-163375.0,-0.3558321626536857,-1
1988-04-29,-225565.0,-0.48915176683617595,-1
1988-05-13,-235765.0,-0.4621347995256437,-1
1988-05-31,-260220.0,-0.4891813140332738,-1
1988-06-15,-256345.0,-0.4364322014420335,-1
1988-06-30,-197505.0,-0.35718742370398504,-1
1988-07-15,-192220.0,-0.37742739892791927,-1
1988-07-29,-116950.0,-0.24901522410305546,-1
1988-08-15,-129170.0,-0.2806762130331805,-1
1988-08-31,-104775.0,-0.22528624415416867,-1
1988-09-15,-153510.0,-0.31480190304322864,-1
1988-09-30,-89380.0,-0.18630925084420727,-1
1988-10-14,-99135.0,-0.19851417243209146,-1
1988-10-31,-68745.0,-0.16742367969216157,-1
1988-11-15,-65125.0,-0.157953456785632,-1
1988-11-30,-62965.0,-0.14513916901976603,-1
1988-12-15,-78830.0,-0.17075706704213148,-1
1988-12-30,-84260.0,-0.1848536703084551,-1
1989-01-13,-129510.0,-0.29546232290739854,-1
1989-01-31,-88595.0,-0.20813315635534987,-1
1989-02-15,-49595.0,-0.11731658564855882,-1
1989-02-28,-78410.0,-0.18249313410603732,-1
1989-03-15,-81480.0,-0.18777222132602034,-1
1989-03-31,-32435.0,-0.07986260726113238,-1
1989-04-14,-38030.0,-0.10286997213881902,-1
1989-04-28,-30300.0,-0.07958395713497754,-1
1989-05-15,-48720.0,-0.12201657942848557,-1
1989-05-31,12655.0,0.03432748775955839,-1
1989-06-15,-10935.0,-0.028300788074071197,1
1989-06-30,-6465.0,-0.01918710768819837,-1
1989-07-14,-6820.0,-0.020991074176669743,-1
1989-07-31,48475.0,0.1408972663459722,-1
1989-08-15,20940.0,0.07202806824435884,1
1989-08-31,24070.0,0.08787557956993174,1
1989-09-15,29225.0,0.09959276866192983,1
1989-09-29,23015.0,0.07027802800128251,1
1989-10-13,20225.0,0.058111971497119545,1
1989-10-31,9465.0,0.029784288119325958,1
1989-11-15,-57500.0,-0.16577771370909616,1
1989-11-30,-25160.0,-0.07068209911225981,-1
1989-12-15,-41295.0,-0.11014496619233693,-1
1989-12-29,-1495.0,-0.0044546416173775714,-1
1990-01-15,9350.0,0.02572426885300025,-1
1990-01-31,46500.0,0.13515870247645623,1
1990-02-15,26025.0,0.07052558839071582,1
1990-02-28,22365.0,0.059398446318305556,1
1990-03-15,-61865.0,-0.16301927561627952,1
1990-03-30,-65830.0,-0.1592828280384234,-1
1990-04-12,-35855.0,-0.08572521547859559,-1
1990-04-30,-108270.0,-0.24717485103760017,-1
1990-05-15,-81635.0,-0.1912655365907946,-1
1990-05-31,-53265.0,-0.13028164707896636,-1
1990-06-15,-23945.0,-0.061678150557022346,-1
1990-06-29,-85155.0,-0.2411947147045078,-1
1990-07-13,-79765.0,-0.23887100396795688,-1
1990-07-31,-44865.0,-0.1210522765598651,-1
1990-08-15,-71240.0,-0.20621779656110692,-1
1990-08-31,-57410.0,-0.1578151630106108,-1
1990-09-14,-92015.0,-0.21827519540747944,-1
1990-09-28,-50040.0,-0.1190861494526416,-1
1990-10-15,-46600.0,-0.0953764915368714,-1
1990-10-31,-41150.0,-0.07895090270716218,-1
1990-11-15,-470.0,-0.0010210953963805426,-1
1990-11-30,-23720.0,-0.04694891435583794,-1
1990-12-14,-31635.0,-0.06033586679763119,-1
1990-12-31,2540.0,0.005461543423570646,-1
1991-01-15,4965.0,0.01137522194856521,1
1991-01-31,-26970.0,-0.05792028176273516,1
1991-02-15,-59595.0,-0.13408254868212346,-1
1991-02-28,-84255.0,-0.19643752258606018,-1
1991-03-15,-80345.0,-0.20426608361828974,-1
1991-03-28,-77610.0,-0.19480421686746988,-1
1991-04-15,-115175.0,-0.27359756749373465,-1
1991-04-30,-79230.0,-0.20596339814911094,-1
1991-05-15,-51660.0,-0.1480483750788101,-1
1991-05-31,-80525.0,-0.19806181053460087,-1
1991-06-14,-66405.0,-0.17918482440399897,-1
1991-06-28,-26740.0,-0.07531333614983805,-1
1991-07-15,-37600.0,-0.11871309948536608,-1
1991-07-31,-93450.0,-0.285544046200385,-1
1991-08-15,-85525.0,-0.2566122087702717,-1
1991-08-30,-126535.0,-0.36011383849163997,-1
1991-09-16,-143535.0,-0.36312693694263487,-1
1991-09-30,-139285.0,-0.30153163392325594,-1
1991-10-15,-97840.0,-0.19478011586470506,-1
1991-10-31,-102685.0,-0.2159584424324637,-1
1991-11-15,-92230.0,-0.182189913675602,-1
1991-11-29,-114345.0,-0.22238537462926047,-1
1991-12-13,-92125.0,-0.18210660525613528,-1
1991-12-31,-95590.0,-0.2033353895896705,-1
1992-01-15,-144910.0,-0.2897214946918048,-1
1992-01-31,-161560.0,-0.3325032414744078,-1
1992-02-14,-157030.0,-0.30761244319072245,-1
1992-02-28,-206180.0,-0.41449881387961884,-1
1992-03-13,-230945.0,-0.40564703815922365,-1
1992-03-31,-201475.0,-0.3755183821816318,-1
1992-04-15,-168015.0,-0.3557416445230206,-1
1992-04-30,-165525.0,-0.36864845603055646,-1
1992-05-15,-266245.0,-0.5292036453623001,-1
1992-05-29,-226475.0,-0.4597403651939141,-1
1992-06-15,-228225.0,-0.4053694016927025,-1
1992-06-30,-219525.0,-0.4039507217841732,-1
1992-07-15,-108060.0,-0.22989043718753324,-1
1992-07-31,-47935.0,-0.10603094550803499,-1
1992-08-14,-34675.0,-0.06874845105328377,-1
1992-08-31,-17220.0,-0.036521739130434785,-1
1992-09-15,-23960.0,-0.055374517552982505,-1
1992-09-30,9945.0,0.01942629435377538,-1
1992-10-06,38870.0,0.069210498201631,1
1992-10-13,9000.0,0.014466429845852153,1
1992-10-20,-18100.0,-0.029766799329013584,1
1992-10-27,-44535.0,-0.07576750002126628,-1
1992-11-03,-62955.0,-0.10629891345642428,-1
1992-11-10,-50365.0,-0.08409092806398023,-1
1992-11-17,-76485.0,-0.13562492796283326,-1
1992-11-24,-77245.0,-0.13873896527260154,-1
1992-12-01,-70835.0,-0.12812581960911992,-1
1992-12-08,-67325.0,-0.1316136725737242,-1
1992-12-15,-104840.0,-0.20359258180405865,-1
1992-12-22,-109990.0,-0.22134347581099573,-1
1992-12-29,-101525.0,-0.21579255008236356,-1
1993-01-05,-105575.0,-0.22300258752706342,-1
1993-01-12,-139115.0,-0.26866810224123444,-1
1993-01-19,-144405.0,-0.268104304558915,-1
1993-01-26,-135235.0,-0.2523347047683021,-1
1993-02-02,-116485.0,-0.21080777827042974,-1
1993-02-09,-92845.0,-0.175904436213446,-1
1993-02-16,-110290.0,-0.20100603255025606,-1
1993-02-23,-125200.0,-0.23894497776590262,-1
1993-03-02,-162355.0,-0.3230591676532917,-1
1993-03-09,-160900.0,-0.32540549286089876,-1
1993-03-16,-173050.0,-0.32223525687577975,-1
1993-03-23,-231300.0,-0.40692457908903784,-1
1993-03-30,-225135.0,-0.41212759141458055,-1
1993-04-06,-251520.0,-0.4465274818917767,-1
1993-04-13,-260635.0,-0.453858410315795,-1
1993-04-20,-244800.0,-0.4602541926750395,-1
1993-04-27,-268250.0,-0.5278953065039851,-1
1993-05-04,-225685.0,-0.4993086206705826,-1
1993-05-11,-297145.0,-0.6011977622886971,-1
1993-05-18,-298395.0,-0.5920711925950177,-1
1993-05-25,-315755.0,-0.6051902749427402,-1
1993-06-01,-261815.0,-0.5125236132997935,-1
1993-06-08,-232005.0,-0.4856455073525564,-1
1993-06-15,-230180.0,-0.4667356084108928,-1
1993-06-22,-323890.0,-0.5682679486279739,-1
1993-06-29,-365580.0,-0.596485503108225,-1
1993-07-06,-429270.0,-0.654155618542562,-1
1993-07-13,-452345.0,-0.6308372440049926,-1
1993-07-20,-473655.0,-0.6273285344388009,-1
1993-07-27,-443950.0,-0.5595185581952233,-1
1993-08-03,-444560.0,-0.5551795192007493,-1
1993-08-10,-391395.0,-0.524936125696582,-1
1993-08-17,-341435.0,-0.47872661119017407,-1
1993-08-24,-344440.0,-0.48454666948019975,-1
1993-08-31,-345325.0,-0.48109810040611045,-1
1993-09-07,-291130.0,-0.42688309212745057,-1
1993-09-14,-255845.0,-0.3851608192636864,-1
1993-09-21,-258945.0,-0.3925996679629756,-1
1993-09-28,-235010.0,-0.3545126789458599,-1
1993-10-05,-209305.0,-0.3143874248034187,-1
1993-10-12,-214915.0,-0.32189529023223074,-1
1993-10-19,-222785.0,-0.3229587214148516,-1
1993-10-26,-206425.0,-0.35108979428697773,-1
1993-11-02,-214475.0,-0.35736601377977356,-1
1993-11-09,-221000.0,-0.3801627302908847,-1
1993-11-16,-281445.0,-0.42224455963213287,-1
1993-11-23,-317235.0,-0.4555781340877595,-1
1993-11-30,-284270.0,-0.4167265264238071,-1
1993-12-07,-293985.0,-0.4150249521779334,-1
1993-12-14,-291405.0,-0.4173810291116124,-1
1993-12-21,-294290.0,-0.4216370331103056,-1
1993-12-28,-330330.0,-0.46200646162883396,-1
1994-01-04,-345000.0,-0.4766114994612218,-1
1994-01-11,-350640.0,-0.4840686951239715,-1
1994-01-18,-361190.0,-0.4580374353251496,-1
1994-01-25,-351015.0,-0.4634442603362798,-1
1994-02-01,-327340.0,-0.45525854635476065,-1
1994-02-08,-299630.0,-0.4344667585006888,-1
1994-02-15,-306450.0,-0.44132895532705435,-1
1994-02-22,-285525.0,-0.42461984607948844,-1
1994-03-01,-288400.0,-0.45355182663122967,-1
1994-03-08,-259630.0,-0.41942102032244516,-1
1994-03-15,-312025.0,-0.4979771299983243,-1
1994-03-22,-321920.0,-0.4922926351847321,-1
1994-03-29,-329250.0,-0.49804111391792344,-1
1994-04-05,-234650.0,-0.38773588023398,-1
1994-04-12,-195385.0,-0.3419558083570335,-1
1994-04-19,-179040.0,-0.334260590332879,-1
1994-04-26,-168275.0,-0.33561363795011917,-1
1994-05-03,-149285.0,-0.2880642951556726,-1
1994-05-10,-148300.0,-0.28318279898413184,-1
1994-05-17,-197045.0,-0.3580455540716109,-1
1994-05-24,-291620.0,-0.4776036292766013,-1
1994-05-31,-283180.0,-0.4605975829931198,-1
1994-06-07,-246145.0,-0.4033742205616053,-1
1994-06-14,-277695.0,-0.43439731566721157,-1
1994-06-21,-285675.0,-0.44692934081148944,-1
1994-06-28,-213680.0,-0.35279937919989435,-1
1994-07-05,-136445.0,-0.2374091957022924,-1
1994-07-12,-71605.0,-0.13769000759549654,-1
1994-07-19,-47830.0,-0.09086073592826883,-1
1994-07-26,-8065.0,-0.01731708626335284,-1
1994-08-02,-340.0,-0.0007572383073496659,-1
1994-08-09,-10935.0,-0.023668062725236194,-1
1994-08-16,855.0,0.0018186265647101363,-1
1994-08-23,29185.0,0.060672522218179925,1
1994-08-30,36405.0,0.07543436143429927,1
1994-09-06,37420.0,0.07636423003142728,1
1994-09-13,67200.0,0.13386720851012968,1
1994-09-20,119270.0,0.23400039238767903,1
1994-09-27,143445.0,0.26251544127739396,1
1994-10-04,144420.0,0.2511608493765326,1
1994-10-11,153355.0,0.24652172165735642,1
1994-10-18,123895.0,0.19739032764293055,1
1994-10-25,105155.0,0.18503919688184625,1
1994-11-01,107385.0,0.19465264875152943,1
1994-11-08,96925.0,0.18339119987133762,1
1994-11-15,82990.0,0.15430526374504955,1
1994-11-22,75480.0,0.13309587205304085,1
1994-11-29,68650.0,0.11774492316136115,1
1994-12-06,81940.0,0.1293387842722523,1
1994-12-13,71000.0,0.11047316746798612,1
1994-12-20,45150.0,0.06782945736434108,1
1994-12-27,49545.0,0.07494611050183414,1
1995-01-03,74685.0,0.12196356688522181,1
1995-01-10,75090.0,0.12751324548295068,1
1995-01-17,66990.0,0.11077121502744891,1
1995-01-24,85530.0,0.14647805312462536,1
1995-01-31,105295.0,0.17938889030862146,1
1995-02-07,95420.0,0.16796634336108715,1
1995-02-14,56310.0,0.09984396609808859,1
1995-02-21,53180.0,0.0943660722207435,1
1995-02-28,48810.0,0.09495000583589465,1
1995-03-07,7005.0,0.013348832334473527,1
1995-03-14,-12070.0,-0.022318374290416228,1
1995-03-21,-72055.0,-0.1305687182321443,-1
1995-03-28,-67235.0,-0.12322340025841451,-1
1995-04-04,-56430.0,-0.10375068946497518,-1
1995-04-11,-113785.0,-0.20097143109462623,-1
1995-04-18,-72550.0,-0.1270822750442292,-1
1995-04-25,-71425.0,-0.13179624862760295,-1
1995-05-02,-78630.0,-0.16791953188399608,-1
1995-05-09,-39585.0,-0.09197151520079924,-1
1995-05-16,-37035.0,-0.0848579971817109,-1
1995-05-23,-113450.0,-0.2230150773525191,-1
1995-05-30,-79455.0,-0.15708312327629667,-1
1995-06-06,-101725.0,-0.19903344779346305,-1
1995-06-13,-83110.0,-0.16407715238978934,-1
1995-06-20,-138945.0,-0.26194538444861293,-1
1995-06-27,-104365.0,-0.20043018599782986,-1
1995-07-03,-94905.0,-0.19475082851954076,-1
1995-07-11,-120325.0,-0.2464338013169078,-1
1995-07-18,-197440.0,-0.37447841590167663,-1
1995-07-25,-188185.0,-0.35393411636370475,-1
1995-08-01,-148040.0,-0.3048599670510708,-1
1995-08-08,-110280.0,-0.23130649998951278,-1
1995-08-15,-110025.0,-0.21848781214317628,-1
1995-08-22,-121005.0,-0.23633096686620508,-1
1995-08-29,-137950.0,-0.2656869920265013,-1
1995-09-05,-150890.0,-0.2937088799781991,-1
1995-09-12,-169510.0,-0.32684817400023136,-1
1995-09-19,-235955.0,-0.4213143586676071,-1
1995-09-26,-212570.0,-0.390093958746238,-1
1995-10-03,-209625.0,-0.3759988520488238,-1
1995-10-10,-187850.0,-0.3421177241931959,-1
1995-10-17,-217300.0,-0.36573871478102804,-1
1995-10-24,-247320.0,-0.3654849340170536,-1
1995-10-31,-277285.0,-0.39937634578961395,-1
1995-11-07,-281960.0,-0.4062648588677723,-1
1995-11-14,-233365.0,-0.333943890729306,-1
1995-11-21,-235420.0,-0.33731659789087576,-1
1995-11-28,-256650.0,-0.3437859994106143,-1
1995-12-05,-296935.0,-0.39222899563434144,-1
1995-12-12,-318275.0,-0.42940212221989865,-1
1995-12-19,-348200.0,-0.46419858420764953,-1
1995-12-26,-347540.0,-0.4507126275791412,-1
1996-01-02,-367325.0,-0.4843516156042116,-1
1996-01-09,-397330.0,-0.49900783683311567,-1
1996-01-16,-363165.0,-0.47578590191210474,-1
1996-01-23,-358040.0,-0.45949691991786445,-1
1996-01-30,-343595.0,-0.4463635005488688,-1
1996-02-06,-344145.0,-0.439366761354569,-1
1996-02-13,-340695.0,-0.4303851036817605,-1
1996-02-20,-327380.0,-0.42784145114285344,-1
1996-02-27,-362940.0,-0.4627802004437304,-1
1996-03-05,-321860.0,-0.4120810181036028,-1
1996-03-12,-313935.0,-0.4068228204878997,-1
1996-03-19,-298140.0,-0.38350913300746076,-1
1996-03-26,-304540.0,-0.41017145473891203,-1
1996-04-02,-334875.0,-0.45234734332471077,-1
1996-04-09,-347800.0,-0.44822475674979056,-1
1996-04-16,-319630.0,-0.41522253111278545,-1
1996-04-23,-352210.0,-0.4385357654236444,-1
1996-04-30,-320955.0,-0.43177125022701435,-1
1996-05-07,-325165.0,-0.4252718724047057,-1
1996-05-14,-328265.0,-0.4147561799953251,-1
1996-05-21,-337325.0,-0.4077740907964484,-1
1996-05-28,-337280.0,-0.4068221841603744,-1
1996-06-04,-263210.0,-0.3321471386207332,-1
1996-06-11,-245340.0,-0.30372131025774346,-1
1996-06-18,-275170.0,-0.3225038969562721,-1
1996-06-25,-245920.0,-0.2970227670753065,-1
1996-07-02,-241595.0,-0.300481950188116,-1
1996-07-09,-256690.0,-0.3104695324028157,-1
1996-07-16,-314115.0,-0.3416020053614055,-1
1996-07-23,-248675.0,-0.2809172809172809,-1
1996-07-30,-201170.0,-0.23985072669393012,-1
1996-08-06,-207010.0,-0.24464929386042664,-1
1996-08-13,-228360.0,-0.2656244547579998,-1
1996-08-20,-248375.0,-0.27657300023940895,-1
1996-08-27,-280385.0,-0.29552628943942916,-1
1996-09-03,-284435.0,-0.3023829393660733,-1
1996-09-10,-289925.0,-0.3105069534065534,-1
1996-09-17,-305310.0,-0.3438330555430425,-1
1996-09-24,-300235.0,-0.34407141915779943,-1
1996-10-01,-216315.0,-0.2651487757791193,-1
1996-10-08,-141550.0,-0.1683275460210246,-1
1996-10-15,-65810.0,-0.07953254537983709,-1
1996-10-22,-73600.0,-0.08732380997579611,-1
1996-10-29,-111570.0,-0.1411028202858227,-1
1996-11-05,-71705.0,-0.09836414143146198,-1
1996-11-12,-66275.0,-0.09798703362829242,-1
1996-11-19,-110775.0,-0.16109329668651703,-1
1996-11-26,-130440.0,-0.1935168014242267,-1
1996-12-03,-118100.0,-0.17599809248468773,-1
1996-12-10,-100550.0,-0.1482360572599549,-1
1996-12-17,-94780.0,-0.13590868679916257,-1
1996-12-24,-98990.0,-0.1464435765429907,-1
1996-12-31,-105555.0,-0.15476705399362192,-1
1997-01-07,-139980.0,-0.20293426889732957,-1
1997-01-14,-171755.0,-0.23970886862103374,-1
1997-01-21,-222355.0,-0.29503944164692925,-1
1997-01-28,-247745.0,-0.319755548241793,-1
1997-02-04,-229970.0,-0.2976688196538825,-1
1997-02-11,-240710.0,-0.3233610961848469,-1
1997-02-18,-265555.0,-0.36030663817373904,-1
1997-02-25,-272250.0,-0.37544474170505004,-1
1997-03-04,-292265.0,-0.4038175902066307,-1
1997-03-11,-340435.0,-0.4479732085874636,-1
1997-03-18,-355790.0,-0.48383104873803306,-1
1997-03-25,-343980.0,-0.4570616138933549,-1
1997-04-01,-338020.0,-0.41372304227558687,-1
1997-04-08,-305025.0,-0.37200212206767447,-1
1997-04-15,-259780.0,-0.33427696425354503,-1
1997-04-22,-248585.0,-0.3180890472747746,-1
1997-04-29,-287810.0,-0.36356171997372544,-1
1997-05-06,-313395.0,-0.37569004477424073,-1
1997-05-13,-287340.0,-0.37029782079204093,-1
1997-05-20,-215975.0,-0.2897884701825476,-1
1997-05-27,-165970.0,-0.21793424024371028,-1
1997-06-03,-196545.0,-0.24834004055923734,-1
1997-06-10,-123880.0,-0.18524389149744294,-1
1997-06-17,-126700.0,-0.1829946415933677,-1
1997-06-24,-65315.0,-0.10173438315304159,-1
1997-07-01,54500.0,0.0927186117727118,-1
1997-07-08,75315.0,0.12333074057395504,1
1997-07-15,60865.0,0.09940469871548845,1
1997-07-22,90665.0,0.14546781866461297,1
1997-07-29,57775.0,0.096165849680002,1
1997-08-05,59695.0,0.10384357794574284,1
1997-08-12,89800.0,0.158486436878982,1
1997-08-19,115975.0,0.20594163137380248,1
1997-08-26,138075.0,0.232514082194549,1
1997-09-02,141250.0,0.22014244969842434,1
1997-09-09,166665.0,0.24406727537653855,1
1997-09-16,172325.0,0.2475382637487341,1
1997-09-23,192070.0,0.26200414688710644,1
1997-09-30,186710.0,0.23106815341014567,1
1997-10-07,91360.0,0.10452850049197959,1
1997-10-14,47825.0,0.05769242368495654,1
1997-10-21,-35955.0,-0.04747568777357444,1
1997-10-28,-61231.0,-0.08504648103881962,-1
1997-11-04,-81080.0,-0.12246254229096182,-1
1997-11-11,-98270.0,-0.13956229673497791,-1
1997-11-18,-86020.0,-0.12945071482317533,-1
1997-11-25,-98490.0,-0.14263577118030413,-1
1997-12-02,-93700.0,-0.13371196986129344,-1
1997-12-09,-83575.0,-0.10920339990722774,-1
1997-12-16,-54435.0,-0.06951441432812949,-1
1997-12-19,-8890.0,-0.0119474794715693,-1
1997-12-23,-27985.0,-0.03943132102322763,-1
1997-12-30,-23980.0,-0.03572279823620546,-1
1998-01-06,2901.0,0.023052900088206547,-1
1998-01-13,-2291.0,-0.01812571699829898,1
1998-01-20,2019.0,0.01578219168444997,-1
1998-01-27,-2499.0,-0.01882783717198201,1
1998-02-03,-7615.0,-0.056888218199747494,-1
1998-02-10,-14405.0,-0.10728782631363348,-1
1998-02-17,-4899.0,-0.03486807923075281,-1
1998-02-24,3365.0,0.02487267996659004,-1
1998-03-03,9108.0,0.07173235043946696,1
1998-03-10,8133.0,0.061479034538019034,1
1998-03-17,15918.0,0.11434523381940953,1
1998-03-24,21417.0,0.15321605631586102,1
1998-03-31,25063.0,0.1731695352066938,1
1998-04-07,28682.0,0.2081422351233672,1
1998-04-14,28408.0,0.210140103265131,1
1998-04-21,14588.0,0.10856266837334604,1
1998-04-28,20653.0,0.1524172896541036,1
1998-05-05,20317.0,0.15058664828526747,1
1998-05-12,13305.0,0.09958310567560083,1
1998-05-19,14515.0,0.1103324034448946,1
1998-05-26,26635.0,0.19939809997230062,1
1998-06-02,25708.0,0.20625471349946245,1
1998-06-09,31707.0,0.2274028013856316,1
1998-06-16,24578.0,0.17410461294344326,1
1998-06-23,215.0,0.0014345096312309428,1
1998-06-30,-344.0,-0.0022136422136422138,1
1998-07-07,2060.0,0.015723270440251572,-1
1998-07-14,1703.0,0.013787129314043765,1
1998-07-21,4996.0,0.040727154153419744,1
1998-07-28,15652.0,0.12321692855118556,1
1998-08-04,21084.0,0.1662880938860496,1
1998-08-11,26151.0,0.21243531734104515,1
1998-08-18,27440.0,0.20476083874337736,1
1998-08-25,32689.0,0.24586144392547968,1
1998-09-01,33103.0,0.23590236949937646,1
1998-09-08,36472.0,0.25310201249132547,1
1998-09-15,40996.0,0.2777205722956861,1
1998-09-22,42665.0,0.27302629473913237,1
1998-09-29,38677.0,0.2361334122947867,1
1998-10-06,28735.0,0.1710345402274905,1
1998-10-13,17817.0,0.1155784762090104,1
1998-10-20,11505.0,0.07855977166112435,1
1998-10-27,6943.0,0.05017887471542659,1
1998-11-03,6486.0,0.051888830221283544,1
1998-11-10,-5548.0,-0.045499278309933076,1
1998-11-17,-12606.0,-0.10587583148558759,-1
1998-11-24,-3878.0,-0.03238467448308114,-1
1998-12-01,-8652.0,-0.06803491389478651,-1
1998-12-08,-6617.0,-0.050367269267364415,-1
1998-12-15,5910.0,0.04517312542994726,-1
1998-12-22,9717.0,0.07024557395773844,1
1998-12-29,13568.0,0.10568953698510625,1
1999-01-05,14164.0,0.12167757675721183,1
1999-01-12,19444.0,0.15579379196512988,1
1999-01-19,29027.0,0.21745840294269683,1
1999-01-26,30596.0,0.23286399269350788,1
1999-02-02,22962.0,0.17013173688188135,1
1999-02-09,28032.0,0.20887603946231112,1
1999-02-16,28416.0,0.20141478005698812,1
1999-02-23,24410.0,0.19413074598377605,1
1999-03-02,17006.0,0.13806036792284337,1
1999-03-09,23329.0,0.18383911614748738,1
1999-03-16,21810.0,0.16185768991005434,1
1999-03-23,17149.0,0.12117293764352588,1
1999-03-30,18921.0,0.13826996294970076,1
1999-04-06,18100.0,0.1250051797726425,1
1999-04-13,17143.0,0.11822024839837528,1
1999-04-20,13148.0,0.08514330859592545,1
1999-04-27,21033.0,0.14041752064570828,1
1999-05-04,26832.0,0.1976458109282694,1
1999-05-11,25998.0,0.19843377908041765,1
1999-05-18,28255.0,0.2105204336326044,1
1999-05-25,27243.0,0.20759893011453262,1
1999-06-01,23771.0,0.17932392368681116,1
1999-06-08,7141.0,0.05408578288432262,1
1999-06-15,9122.0,0.06807767511978148,1
1999-06-22,14974.0,0.10719910655479511,1
1999-06-29,15074.0,0.11281414180724154,1
1999-07-06,19520.0,0.14460758893514883,1
1999-07-13,16587.0,0.1265902968045242,1
1999-07-20,4052.0,0.032444031643339845,1
1999-07-27,912.0,0.0070163561108461175,1
1999-08-03,-11143.0,-0.09144324905421929,1
1999-08-10,-19552.0,-0.16240281746295435,-1
1999-08-17,-12869.0,-0.10406676316704538,-1
1999-08-24,-10348.0,-0.0846753076721655,-1
1999-08-31,-16192.0,-0.13966567184777545,-1
1999-09-07,-22867.0,-0.18231321804715092,-1
1999-09-14,-16893.0,-0.13601996859776963,-1
1999-09-21,-13629.0,-0.10906602860092349,-1
1999-09-28,-20226.0,-0.14512240622219671,-1
1999-10-05,-20813.0,-0.14877586761499695,-1
1999-10-12,-27287.0,-0.17952800457915824,-1
1999-10-19,-30875.0,-0.1930785634329525,-1
1999-10-26,-15591.0,-0.1031075781523831,-1
1999-11-02,-18067.0,-0.12171329637089984,-1
1999-11-09,-18845.0,-0.13070195515421373,-1
1999-11-16,-13133.0,-0.0934580104324559,-1
1999-11-23,-11518.0,-0.08328994562073354,-1
1999-11-30,-22269.0,-0.1584587469313694,-1
1999-12-07,-31894.0,-0.22990974885383927,-1
1999-12-14,-14794.0,-0.11076337935371806,-1
1999-12-21,-9433.0,-0.0688595434669937,-1
1999-12-28,-15091.0,-0.11958097924706218,-1
2000-01-04,-16146.0,-0.1454201567144015,-1
2000-01-11,-23853.0,-0.20894907890011125,-1
2000-01-18,-37065.0,-0.30535074350208014,-1
2000-01-25,-46921.0,-0.3609835283618375,-1
2000-02-01,-53016.0,-0.38337937318311327,-1
2000-02-08,-55559.0,-0.3854650154369168,-1
2000-02-15,-57883.0,-0.3911938634136451,-1
2000-02-22,-52310.0,-0.34918960775413205,-1
2000-02-29,-42577.0,-0.31608525549179295,-1
2000-03-07,-43586.0,-0.3192411924119241,-1
2000-03-14,-50390.0,-0.34504245412215834,-1
2000-03-21,-55476.0,-0.35539667896678967,-1
2000-03-28,-58121.0,-0.36492807675161837,-1
2000-04-04,-62325.0,-0.3679444113184601,-1
2000-04-11,-61133.0,-0.3797387366681782,-1
2000-04-18,-57051.0,-0.36862985817206734,-1
2000-04-25,-63459.0,-0.406770209029082,-1
2000-05-02,-66506.0,-0.43248621371345336,-1
2000-05-09,-68799.0,-0.4272884798121891,-1
2000-05-16,-61629.0,-0.3631365894186067,-1
2000-05-23,-62980.0,-0.3631520071961528,-1
2000-05-30,-44763.0,-0.2969057805193513,-1
2000-06-06,-39416.0,-0.2870626620444548,-1
2000-06-13,-30868.0,-0.2263946137033723,-1
2000-06-20,-35159.0,-0.25798143596140444,-1
2000-06-27,-35949.0,-0.2717870400471766,-1
2000-07-05,-28264.0,-0.2366574562505233,-1
2000-07-11,-22602.0,-0.19560702045903,-1
2000-07-18,-19621.0,-0.16918593120812603,-1
2000-07-25,-16527.0,-0.14768777087708324,-1
2000-08-01,-18950.0,-0.18873374101149334,-1
2000-08-08,-19820.0,-0.20189467250687582,-1
2000-08-15,-23631.0,-0.2334825266028396,-1
2000-08-22,-21864.0,-0.21466863033873343,-1
2000-08-29,-26122.0,-0.2519240042434179,-1
2000-09-05,-34071.0,-0.2996965298852091,-1
2000-09-12,-33704.0,-0.2779757191871206,-1
2000-09-19,-30876.0,-0.22924772059041906,-1
2000-09-26,-34488.0,-0.25693978811854634,-1
2000-10-03,-41664.0,-0.2886917960088692,-1
2000-10-10,-46314.0,-0.2999028686136113,-1
2000-10-17,-34492.0,-0.222833811406569,-1
2000-10-24,-31966.0,-0.19858111969783565,-1
2000-10-31,-29226.0,-0.2054956335869275,-1
2000-11-07,-37018.0,-0.26616335921771644,-1
2000-11-14,-30297.0,-0.22603460238590836,-1
2000-11-21,-31295.0,-0.21613315376912187,-1
2000-11-28,-33431.0,-0.211349167715057,-1
2000-12-05,-34331.0,-0.19531663357436665,-1
2000-12-12,-45046.0,-0.2365314738190754,-1
2000-12-19,-38928.0,-0.21367877922933362,-1
2000-12-26,-34501.0,-0.1987510729366492,-1
2001-01-02,-30909.0,-0.1890770953001413,-1
2001-01-09,-27714.0,-0.17520324689281966,-1
2001-01-16,-8439.0,-0.05649464107593539,-1
2001-01-23,-5297.0,-0.03644933769138139,-1
2001-01-30,-1999.0,-0.013769967831040635,-1
2001-02-06,-2456.0,-0.017156109419095254,-1
2001-02-13,898.0,0.006105603829260665,-1
2001-02-20,1910.0,0.012983128730100466,1
2001-02-27,2488.0,0.018302730696798494,1
2001-03-06,-6332.0,-0.049137837376418185,1
2001-03-13,-3265.0,-0.026466606681095628,-1
2001-03-20,3572.0,0.030834570629467213,-1
2001-03-27,6269.0,0.05229701434017669,1
2001-04-03,16297.0,0.12664060860848414,1
2001-04-10,16076.0,0.1169776173705504,1
2001-04-17,13945.0,0.09928870978077452,1
2001-04-24,13640.0,0.09745920146331705,1
2001-05-01,4458.0,0.03728796547224732,1
2001-05-08,4942.0,0.04631156758377689,1
2001-05-15,-7436.0,-0.0698229074724408,1
2001-05-22,-10705.0,-0.09589630120665407,-1
2001-05-29,-7680.0,-0.06454432379735772,-1
2001-06-05,-14305.0,-0.11099386255538055,-1
2001-06-12,-25447.0,-0.1819995851779801,-1
2001-06-19,-22799.0,-0.1676039668011968,-1
2001-06-26,-22336.0,-0.1646274949143548,-1
2001-07-03,-42701.0,-0.3046785253048498,-1
2001-07-10,-53503.0,-0.35526796326668836,-1
2001-07-17,-69214.0,-0.3998128422560595,-1
2001-07-24,-66646.0,-0.3948269529259825,-1
2001-07-31,-58887.0,-0.3746206843903277,-1
2001-08-07,-47791.0,-0.3167589063794532,-1
2001-08-14,-48994.0,-0.3091689278727835,-1
2001-08-21,-42390.0,-0.258296062493145,-1
2001-08-28,-38120.0,-0.24008363879126832,-1
2001-09-04,-37951.0,-0.2475006032464441,-1
2001-09-10,-28319.0,-0.18331704222525746,-1
2001-09-18,-32001.0,-0.18472808298649795,-1
2001-09-25,-22972.0,-0.13177609765611556,-1
2001-10-02,-20786.0,-0.10715206251997567,-1
2001-10-09,-22484.0,-0.11472365091027839,-1
2001-10-16,-10995.0,-0.053107475619828724,-1
2001-10-23,-4787.0,-0.021995138738920873,-1
2001-10-30,-10257.0,-0.055939441205503954,-1
2001-11-06,-800.0,-0.004579383614965426,-1
2001-11-13,-8887.0,-0.051694151179361894,-1
2001-11-20,-14206.0,-0.08237654535754876,-1
2001-11-27,-5245.0,-0.03039293516366987,-1
2001-12-04,-11706.0,-0.06420649634155706,-1
2001-12-11,-10983.0,-0.059046799817209214,-1
2001-12-18,-5330.0,-0.029529740271252547,-1
2001-12-21,-8128.0,-0.0466793779145896,-1
2001-12-28,-1326.0,-0.008171465194241766,-1
2002-01-08,-3341.0,-0.021604319570629506,-1
2002-01-15,-16277.0,-0.10472709959272437,-1
2002-01-22,-16091.0,-0.1021462714801719,-1
2002-01-29,-7991.0,-0.05002284862939523,-1
2002-02-05,-5399.0,-0.032268089913158854,-1
2002-02-12,-4836.0,-0.028402950711835736,-1
2002-02-19,-9499.0,-0.05361486925061099,-1
2002-02-26,-11860.0,-0.06787770566486957,-1
2002-03-05,-16077.0,-0.1056633783099906,-1
2002-03-12,-27525.0,-0.1781934005321525,-1
2002-03-19,-27304.0,-0.17140848253521834,-1
2002-03-26,-22012.0,-0.13853260664342265,-1
2002-04-02,-29646.0,-0.1829593423683626,-1
2002-04-09,-15106.0,-0.09032528103324564,-1
2002-04-16,-12100.0,-0.08363053274722844,-1
2002-04-23,-13934.0,-0.09439356167353133,-1
2002-04-30,-8478.0,-0.06517828313114074,-1
2002-05-07,-6466.0,-0.05172137966340309,-1
2002-05-14,-14414.0,-0.10978749333536446,-1
2002-05-21,-23116.0,-0.16299994358887573,-1
2002-05-28,-26196.0,-0.18717043684533932,-1
2002-06-04,-35282.0,-0.22198313829117905,-1
2002-06-11,-36080.0,-0.21593153390388414,-1
2002-06-18,-31218.0,-0.17126023128744158,-1
2002-06-25,-37163.0,-0.19472870654195815,-1
2002-07-02,-55682.0,-0.25412806352973394,-1
2002-07-09,-67011.0,-0.32054857427135003,-1
2002-07-16,-74343.0,-0.3306087598447082,-1
2002-07-23,-73133.0,-0.31076125523190345,-1
2002-07-30,-58763.0,-0.27412590674783666,-1
2002-08-06,-61419.0,-0.2931372689394482,-1
2002-08-13,-65960.0,-0.31122603049977354,-1
2002-08-20,-58673.0,-0.2806689404775003,-1
2002-08-27,-47088.0,-0.23278163374265884,-1
2002-09-03,-47157.0,-0.2244449203969444,-1
2002-09-10,-54328.0,-0.2662797878701734,-1
2002-09-17,-61556.0,-0.29531759739013624,-1
2002-09-24,-61419.0,-0.29474376262711094,-1
2002-10-01,-57828.0,-0.2758206221560828,-1
2002-10-08,-55030.0,-0.2611224993356869,-1
2002-10-15,-59246.0,-0.27977899508877974,-1
2002-10-22,-60706.0,-0.27153745683562647,-1
2002-10-29,-60715.0,-0.2758456191363213,-1
2002-11-05,-65093.0,-0.3008814787765611,-1
2002-11-12,-64533.0,-0.3098778889139652,-1
2002-11-19,-69001.0,-0.32258682836291896,-1
2002-11-26,-79162.0,-0.35155611610473586,-1
2002-12-03,-76500.0,-0.3379005114886174,-1
2002-12-10,-70825.0,-0.3105229236725227,-1
2002-12-17,-66256.0,-0.2838439920488039,-1
2002-12-23,-65121.0,-0.2870423019451754,-1
2002-12-31,-63230.0,-0.2812347106702842,-1
2003-01-07,-84918.0,-0.38107162089391494,-1
2003-01-14,-57917.0,-0.2724723726365608,-1
2003-01-21,-44960.0,-0.20786714256653044,-1
2003-01-28,-56553.0,-0.26583777939690223,-1
2003-02-04,-52876.0,-0.24557850932600134,-1
2003-02-11,-54999.0,-0.24833499645551788,-1
2003-02-18,-52233.0,-0.21913768003457,-1
2003-02-25,-63624.0,-0.25955419209555824,-1
2003-03-04,-62415.0,-0.25805504678190905,-1
2003-03-11,-52203.0,-0.2134035916785558,-1
2003-03-18,-54294.0,-0.21910234784222887,-1
2003-03-25,-52040.0,-0.2152530174303654,-1
2003-04-01,-47942.0,-0.19896908927919255,-1
2003-04-08,-64075.0,-0.26245724701497125,-1
2003-04-15,-65801.0,-0.2591151627320877,-1
2003-04-22,-63481.0,-0.25456856761319663,-1
2003-04-29,-60764.0,-0.26076955428336007,-1
2003-05-06,-58508.0,-0.2785113817035902,-1
2003-05-13,-52937.0,-0.25064511394251027,-1
2003-05-20,-47494.0,-0.2206027163108708,-1
2003-05-27,-36924.0,-0.1723165951092029,-1
2003-06-03,-18671.0,-0.08592229212014671,-1
2003-06-10,-21868.0,-0.10239457591564201,-1
2003-06-17,-11894.0,-0.056496584744877114,-1
2003-06-24,-17385.0,-0.08094969803923395,-1
2003-07-01,-8386.0,-0.04038915378317199,-1
2003-07-08,10150.0,0.05245911806661016,-1
2003-07-15,23210.0,0.11529596439287063,1
2003-07-22,35501.0,0.1760918628010218,1
2003-07-29,40244.0,0.21851312903155745,1
2003-08-05,40737.0,0.2216171518412334,1
2003-08-12,26364.0,0.14014011885651106,1
2003-08-19,6605.0,0.0318827987353076,1
2003-08-26,-4684.0,-0.021564980387101525,1
2003-09-02,-8614.0,-0.039599499834504066,-1
2003-09-09,-17802.0,-0.08187462631651567,-1
2003-09-16,-21085.0,-0.09053591594351006,-1
2003-09-23,-30079.0,-0.12325387947107248,-1
2003-09-30,-44531.0,-0.17111972732128516,-1
2003-10-07,-52364.0,-0.19480219935566914,-1
2003-10-14,-56285.0,-0.20833410446131467,-1
2003-10-21,-69891.0,-0.25256847149294775,-1
2003-10-28,-72988.0,-0.27187865513413645,-1
2003-11-04,-64409.0,-0.2596959079417943,-1
2003-11-11,-66516.0,-0.2751369149059382,-1
2003-11-18,-64050.0,-0.26295694157059807,-1
2003-11-25,-62902.0,-0.2539237849184563,-1
2003-12-02,-67125.0,-0.2701718232422229,-1
2003-12-09,-74583.0,-0.2898712382965989,-1
2003-12-16,-70885.0,-0.27897046380290835,-1
2003-12-22,-71406.0,-0.28105074232095345,-1
2003-12-30,-73147.0,-0.29429846266500903,-1
2004-01-06,-79665.0,-0.3171768809048887,-1
2004-01-13,-87355.0,-0.33284815600864176,-1
2004-01-20,-89322.0,-0.3279628718506062,-1
2004-01-27,-92309.0,-0.3232707750387852,-1
2004-02-03,-73590.0,-0.2578775475876763,-1
2004-02-10,-69962.0,-0.25247560482706854,-1
2004-02-17,-63271.0,-0.23287681316780337,-1
2004-02-24,-68561.0,-0.2484337235889018,-1
2004-03-02,-67726.0,-0.2582123467333618,-1
2004-03-09,-67042.0,-0.2612012405130363,-1
2004-03-16,-67772.0,-0.2605452951759984,-1
2004-03-23,-68857.0,-0.261514388475547,-1
2004-03-30,-70130.0,-0.2588911940816432,-1
2004-04-06,-58553.0,-0.2173887216118984,-1
2004-04-12,-49412.0,-0.18961732696824105,-1
2004-04-20,-42258.0,-0.1661738104600865,-1
2004-04-27,-48989.0,-0.19576571572431598,-1
2004-05-04,-55335.0,-0.22300180948427684,-1
2004-05-11,-56089.0,-0.23360391165458158,-1
2004-05-18,-24571.0,-0.1089685879895515,-1
2004-05-25,-27162.0,-0.1274517164361193,-1
2004-06-01,-24652.0,-0.11656453321228627,-1
2004-06-08,-20509.0,-0.1007323218679856,-1
2004-06-15,-26181.0,-0.1256907204616485,-1
2004-06-22,-23124.0,-0.11358902817620938,-1
2004-06-29,-15581.0,-0.08115146433054339,-1
2004-07-06,-9888.0,-0.05525380540468048,-1
2004-07-13,-1144.0,-0.006350968744795425,-1
2004-07-20,16437.0,0.09845049923034074,-1
2004-07-27,29056.0,0.17646915919636566,1
2004-08-03,29247.0,0.1680292314674909,1
2004-08-10,36185.0,0.21134740174404681,1
2004-08-17,38505.0,0.22436849925705796,1
2004-08-24,37841.0,0.2110544075406453,1
2004-08-31,38065.0,0.21604885718015518,1
2004-09-07,37175.0,0.21178112627111403,1
2004-09-14,44479.0,0.2618367839503629,1
2004-09-21,55330.0,0.3109649862305401,1
2004-09-28,59432.0,0.30984828736770764,1
2004-10-05,67317.0,0.2971803689756709,1
2004-10-12,75426.0,0.31508897986465034,1
2004-10-19,75290.0,0.2900543972385311,1
2004-10-26,58919.0,0.24981661995598878,1
2004-11-02,71174.0,0.30684796854521623,1
2004-11-09,74458.0,0.3410498351044339,1
2004-11-16,52859.0,0.24438156793667964,1
2004-11-23,37399.0,0.1655694812755389,1
2004-11-30,39681.0,0.16313450446265226,1
2004-12-07,58983.0,0.2530579498114389,1
2004-12-14,47568.0,0.19040147300164112,1
2004-12-21,42334.0,0.17575455639971768,1
2004-12-28,44436.0,0.18107284314844094,1
2005-01-04,58052.0,0.24559592506726685,1
2005-01-11,62890.0,0.26199581739862193,1
2005-01-18,80572.0,0.3412303809047865,1
2005-01-25,80247.0,0.35909357366280187,1
2005-02-01,84640.0,0.35488172006943336,1
2005-02-08,83213.0,0.345765655709436,1
2005-02-15,62272.0,0.2583878971958739,1
2005-02-22,52380.0,0.2057781304754347,1
2005-03-01,41988.0,0.16368952477486257,1
2005-03-08,37019.0,0.13853534767623318,1
2005-03-15,35462.0,0.11544747208386236,1
2005-03-22,29443.0,0.09566714863613471,1
2005-03-29,30538.0,0.10059822640365788,1
2005-04-05,34260.0,0.12186186143459796,1
2005-04-12,39118.0,0.1477355127198018,1
2005-04-19,24675.0,0.09707878430215403,1
2005-04-26,13208.0,0.053531767261644214,1
2005-05-03,18029.0,0.07705985185565116,1
2005-05-10,4939.0,0.02026929974678765,1
2005-05-17,21732.0,0.09350555474282961,1
2005-05-24,-2734.0,-0.010504879735648967,1
2005-05-31,-17019.0,-0.06082537231818328,-1
2005-06-07,-26906.0,-0.09350217891422653,-1
2005-06-14,-35592.0,-0.12143710123170358,-1
2005-06-21,-42629.0,-0.12988370215320116,-1
2005-06-28,-45289.0,-0.1338086219682622,-1
2005-07-05,-39155.0,-0.12454474609157562,-1
2005-07-12,-34496.0,-0.11304456110685096,-1
2005-07-19,-34556.0,-0.11354406256160873,-1
2005-07-26,-32443.0,-0.10942395839306011,-1
2005-08-02,-37893.0,-0.12866849348559087,-1
2005-08-09,-26525.0,-0.09617650791348646,-1
2005-08-16,-21627.0,-0.0797217645172349,-1
2005-08-23,-14403.0,-0.05382226656651831,-1
2005-08-30,-4877.0,-0.019036726791548428,-1
2005-09-06,-3677.0,-0.01490794536321139,-1
2005-09-13,4789.0,0.019778059528283574,-1
2005-09-20,15604.0,0.06507306332154533,1
2005-09-27,23422.0,0.09865799516440191,1
2005-10-04,26738.0,0.10571220723356475,1
2005-10-11,29172.0,0.10647725696598948,1
2005-10-18,19094.0,0.06484412144264076,1
2005-10-25,28581.0,0.09491722431629111,1
2005-11-01,26396.0,0.09228660732391214,1
2005-11-08,21944.0,0.07784596828550144,1
2005-11-15,18748.0,0.06859509575067504,1
2005-11-22,35849.0,0.13188167474165555,1
2005-11-29,51282.0,0.1879962754140669,1
2005-12-06,49574.0,0.18055140765560695,1
2005-12-13,34712.0,0.12707012431727996,1
2005-12-20,20627.0,0.0729949996638132,1
2005-12-27,17800.0,0.06310177110364289,1
2006-01-03,16118.0,0.05781122222062811,1
2006-01-10,29496.0,0.10280002509357813,1
2006-01-17,44983.0,0.1525111120905648,1
2006-01-24,53235.0,0.1775713404159509,1
2006-01-31,49075.0,0.1587134748791255,1
2006-02-07,43594.0,0.13136024781086342,1
2006-02-14,34888.0,0.10105550985412877,1
2006-02-21,28865.0,0.08180553154465509,1
2006-02-28,41809.0,0.12368538607862685,1
2006-03-07,41673.0,0.12592883583893633,1
2006-03-14,52412.0,0.16321725969892686,1
2006-03-21,68965.0,0.2181780793748715,1
2006-03-28,72410.0,0.226829894808067,1
2006-04-04,89468.0,0.27777846772891546,1
2006-04-11,88292.0,0.270827709749454,1
2006-04-18,78075.0,0.2440186901282993,1
2006-04-25,83699.0,0.26572545184978236,1
2006-05-02,54030.0,0.1640284886792109,1
2006-05-09,42802.0,0.130760206762553,1
2006-05-16,33471.0,0.0983194832433004,1
2006-05-23,51491.0,0.1581394634603277,1
2006-05-30,62678.0,0.18813521674660968,1
2006-06-06,50129.0,0.15091686912750668,1
2006-06-13,38817.0,0.1279859936496632,1
2006-06-20,46288.0,0.1472311460288177,1
2006-06-27,66403.0,0.2191829203484323,1
2006-07-03,46538.0,0.16698960845102767,1
2006-07-11,32513.0,0.10878169718585533,1
2006-07-18,35679.0,0.11745438145432878,1
2006-07-25,43829.0,0.14787561025807128,1
2006-08-01,60305.0,0.20342041793864163,1
2006-08-08,63743.0,0.22222106015443882,1
2006-08-15,67723.0,0.2308646815183487,1
2006-08-22,63523.0,0.20845051010865034,1
2006-08-29,64542.0,0.20713758464649057,1
2006-09-05,67732.0,0.21825376366261084,1
2006-09-12,70180.0,0.22206893060108598,1
2006-09-19,68228.0,0.2149035220894413,1
2006-09-26,69576.0,0.21039135404508041,1
2006-10-03,66407.0,0.19282219544418472,1
2006-10-10,40943.0,0.11099243387433888,1
2006-10-17,14429.0,0.037775316845084284,1
2006-10-24,-1400.0,-0.0035851288853834297,1
2006-10-31,7375.0,0.018690712426599355,-1
2006-11-07,-7707.0,-0.019289441739979225,1
2006-11-14,-7540.0,-0.018304614025121506,-1
2006-11-21,548.0,0.0013358034321372856,-1
2006-11-28,-15903.0,-0.03832759331249413,1
2006-12-05,-18174.0,-0.04283088235294118,-1
2006-12-12,-25716.0,-0.06265074330151583,-1
2006-12-19,-24187.0,-0.0565858520163111,-1
2006-12-26,-26746.0,-0.06562791382440987,-1
2007-01-03,-45256.0,-0.11283140610430473,-1
2007-01-09,-38381.0,-0.09763896909367042,-1
2007-01-16,-48453.0,-0.11808904995990827,-1
2007-01-23,-62474.0,-0.14800407476724076,-1
2007-01-30,-68025.0,-0.15779218519850152,-1
2007-02-06,-80971.0,-0.17895923351493517,-1
2007-02-13,-76257.0,-0.1685755403317262,-1
2007-02-20,-80168.0,-0.16789039627059155,-1
2007-02-27,-89465.0,-0.1879086511702152,-1
2007-03-06,-68568.0,-0.14595830370941168,-1
2007-03-13,-77516.0,-0.1635462160052324,-1
2007-03-20,-80687.0,-0.16749180569480857,-1
2007-03-27,-83246.0,-0.1673865135282952,-1
2007-04-03,-85183.0,-0.16629606998323043,-1
2007-04-10,-69288.0,-0.1384729761057773,-1
2007-04-17,-56386.0,-0.11357977939102899,-1
2007-04-24,-30403.0,-0.06646001971744163,-1
2007-05-01,-40858.0,-0.09138243385296684,-1
2007-05-08,-41694.0,-0.09405199094083572,-1
2007-05-15,-68840.0,-0.144418570499507,-1
2007-05-22,-89582.0,-0.17646688020297768,-1
2007-05-29,-97552.0,-0.18454506931412312,-1
2007-06-05,-118325.0,-0.21291392933038952,-1
2007-06-12,-120332.0,-0.22050297224197202,-1
2007-06-19,-119455.0,-0.21774080359307416,-1
2007-06-26,-104585.0,-0.19401761249904925,-1
2007-07-03,-105767.0,-0.19491873701902432,-1
2007-07-10,-118004.0,-0.21136533797604845,-1
2007-07-17,-112184.0,-0.1929536088503003,-1
2007-07-24,-91580.0,-0.16139606361380554,-1
2007-07-31,-82719.0,-0.15074379623099507,-1
2007-08-07,-81318.0,-0.14637702551400625,-1
2007-08-14,-87597.0,-0.15802462454336355,-1
2007-08-21,-64842.0,-0.12138150505428678,-1
2007-08-28,-69332.0,-0.12889336719328057,-1
2007-09-04,-72698.0,-0.13342167179935177,-1
2007-09-11,-71692.0,-0.1279177238453111,-1
2007-09-18,-75771.0,-0.12900111855109328,-1
2007-09-25,-88079.0,-0.14496381623883092,-1
2007-10-02,-87018.0,-0.14376724437028104,-1
2007-10-09,-87922.0,-0.14403619826478992,-1
2007-10-16,-86371.0,-0.13894255595361235,-1
2007-10-23,-86330.0,-0.1342650338578685,-1
2007-10-30,-99083.0,-0.15228661230951301,-1
2007-11-06,-109923.0,-0.16785238189039503,-1
2007-11-13,-110357.0,-0.16164242306176882,-1
2007-11-20,-109024.0,-0.15921258232691268,-1
2007-11-27,-102209.0,-0.1575128719218731,-1
2007-12-04,-102914.0,-0.16427864508508125,-1
2007-12-11,-115533.0,-0.18673297699880556,-1
2007-12-18,-108214.0,-0.1748280218555222,-1
2007-12-24,-116891.0,-0.18860231535637934,-1
2007-12-31,-115938.0,-0.19139452649095176,-1
2008-01-08,-116591.0,-0.18822942514558233,-1
2008-01-15,-118847.0,-0.19190010931397006,-1
2008-01-22,-108790.0,-0.178887376099239,-1
2008-01-29,-108117.0,-0.1748116744842573,-1
2008-02-05,-117301.0,-0.18873641004847894,-1
2008-02-12,-113953.0,-0.18212635512345748,-1
2008-02-19,-118511.0,-0.18217859223606925,-1
2008-02-26,-114866.0,-0.17900990222449406,-1
2008-03-04,-98128.0,-0.15539810788297634,-1
2008-03-11,-86841.0,-0.140278583209086,-1
2008-03-18,-87235.0,-0.13814394461256826,-1
2008-03-25,-79866.0,-0.1326316418782923,-1
2008-04-01,-68430.0,-0.12711911635216622,-1
2008-04-08,-81743.0,-0.15669875032828084,-1
2008-04-15,-84106.0,-0.15427141761833663,-1
2008-04-22,-90323.0,-0.16169965179874146,-1
2008-04-29,-72820.0,-0.1421749130198795,-1
2008-05-06,-73862.0,-0.14717943608648001,-1
2008-05-13,-80976.0,-0.16049916158929373,-1
2008-05-20,-82699.0,-0.16724268683579885,-1
2008-05-27,-80976.0,-0.16548815080643184,-1
2008-06-03,-84531.0,-0.17069831403837182,-1
2008-06-10,-99684.0,-0.19847881490920674,-1
2008-06-17,-99408.0,-0.19624363838800996,-1
2008-06-24,-90830.0,-0.17997970943273597,-1
2008-07-01,-102215.0,-0.20625369517271716,-1
2008-07-08,-90631.0,-0.18435961017007765,-1
2008-07-15,-90114.0,-0.19005137549667198,-1
2008-07-22,-74385.0,-0.16812563144583298,-1
2008-07-29,-59663.0,-0.14542977138497465,-1
2008-08-05,-52070.0,-0.12838657501010917,-1
2008-08-12,-43835.0,-0.11040087847214351,-1
2008-08-19,-43012.0,-0.10930289292321455,-1
2008-08-26,-38215.0,-0.10064763189014225,-1
2008-09-02,-38358.0,-0.10293359953629162,-1
2008-09-09,-22024.0,-0.058998124832574335,-1
2008-09-16,-20175.0,-0.05327534440826738,-1
2008-09-23,-22854.0,-0.06288211048805586,-1
2008-09-30,-16952.0,-0.04759284422832886,-1
2008-10-07,-16974.0,-0.0475998182827722,-1
2008-10-14,-11501.0,-0.03083965044284569,-1
2008-10-21,251.0,0.0006242274873973195,-1
2008-10-28,2275.0,0.006387560681826478,1
2008-11-04,-10554.0,-0.0315827273543406,1
2008-11-11,-3039.0,-0.00923536973387913,-1
2008-11-18,-5996.0,-0.01852630017797113,-1
2008-11-25,-8276.0,-0.02510907094010352,-1
2008-12-02,-3620.0,-0.011222787839706348,-1
2008-12-09,-1312.0,-0.0039716896027704954,-1
2008-12-16,-5032.0,-0.015352322374362353,-1
2008-12-22,-6189.0,-0.01971527687078514,-1
2008-12-30,-8862.0,-0.03097713243056187,-1
2009-01-06,-13137.0,-0.04523620135739595,-1
2009-01-13,-15902.0,-0.05550785040595919,-1
2009-01-20,-13058.0,-0.04318178811889046,-1
2009-01-27,-18979.0,-0.0585871058358672,-1
2009-02-03,-12100.0,-0.03871801763749696,-1
2009-02-10,-19532.0,-0.06040102420741437,-1
2009-02-17,-10696.0,-0.032972859661886386,-1
2009-02-24,6120.0,0.02102861540998928,-1
2009-03-03,16898.0,0.06095519803765962,1
2009-03-10,13439.0,0.04831444112497618,1
2009-03-17,4042.0,0.014140778057654632,1
2009-03-24,-11117.0,-0.036151082061037676,1
2009-03-31,-14535.0,-0.046695044574732954,-1
2009-04-07,-41749.0,-0.12408420689716665,-1
2009-04-14,-54429.0,-0.15118368752760272,-1
2009-04-21,-64346.0,-0.16828467115104978,-1
2009-04-28,-70706.0,-0.18344420344752435,-1
2009-05-05,-88492.0,-0.2207862196984062,-1
2009-05-12,-95810.0,-0.23375590428231252,-1
2009-05-19,-99798.0,-0.2377637372062439,-1
2009-05-26,-106566.0,-0.24183709593965305,-1
2009-06-02,-108629.0,-0.24048447119716454,-1
2009-06-09,-112075.0,-0.23713905457530793,-1
2009-06-16,-99711.0,-0.2086348999102362,-1
2009-06-23,-94262.0,-0.19540782692698377,-1
2009-06-30,-86298.0,-0.19197554757678087,-1
2009-07-07,-75596.0,-0.1671383341882307,-1
2009-07-14,-52578.0,-0.12011020038926505,-1
2009-07-21,-45611.0,-0.10613849128873644,-1
2009-07-28,-31287.0,-0.07399515165848755,-1
2009-08-04,-51116.0,-0.12339527720243527,-1
2009-08-11,-61557.0,-0.1480016637774962,-1
2009-08-18,-42641.0,-0.10125208661314489,-1
2009-08-25,-37090.0,-0.09073650939657409,-1
2009-09-01,-26493.0,-0.06180033450979386,-1
2009-09-08,-12821.0,-0.02864202274651553,-1
2009-09-15,-14459.0,-0.03239132139296795,-1
2009-09-22,4298.0,0.009545892689774035,-1
2009-09-29,5390.0,0.01207394000215046,1
2009-10-06,3422.0,0.007603903722401962,1
2009-10-13,-34747.0,-0.07624688128816788,1
2009-10-20,-48147.0,-0.10535609954638255,-1
2009-10-27,-50614.0,-0.11571453393201708,-1
2009-11-03,-66116.0,-0.15148029857995812,-1
2009-11-09,-47646.0,-0.10767506293813757,-1
2009-11-17,-61328.0,-0.13408133906435152,-1
2009-11-24,-79935.0,-0.16370495221048276,-1
2009-12-01,-88183.0,-0.17315807352978715,-1
2009-12-08,-83399.0,-0.1652496111435846,-1
2009-12-15,-81497.0,-0.1596699901451581,-1
2009-12-22,-49672.0,-0.10365739136967492,-1
2009-12-29,-37107.0,-0.08375220344109223,-1
2010-01-05,-47090.0,-0.10733693174565546,-1
2010-01-12,-16685.0,-0.03668524564932995,-1
2010-01-19,-2899.0,-0.006144201158475458,-1
2010-01-26,11849.0,0.025130914481930725,-1
2010-02-02,24820.0,0.050355450236966824,1
2010-02-09,47801.0,0.10030910506424474,1
2010-02-16,31548.0,0.06567629008485373,1
2010-02-23,32084.0,0.06877687601555432,1
2010-03-02,37437.0,0.0863469145341529,1
2010-03-09,52592.0,0.12158650600626983,1
2010-03-16,56797.0,0.1330075101692891,1
2010-03-23,27264.0,0.06251433078665701,1
2010-03-30,23787.0,0.052052720146877646,1
2010-04-06,49094.0,0.10573949152688394,1
2010-04-13,29498.0,0.061302188324778156,1
2010-04-20,-6869.0,-0.013761807927714947,1
2010-04-27,-17216.0,-0.03396236837017719,-1
2010-05-04,-14288.0,-0.029170018251677154,-1
2010-05-11,7469.0,0.015422354464305994,-1
2010-05-18,22753.0,0.047424313480277216,1
2010-05-25,30031.0,0.06287937319539277,1
2010-06-01,29589.0,0.06182161594086319,1
2010-06-08,34246.0,0.07039578357089118,1
2010-06-15,15273.0,0.03200578379907585,1
2010-06-22,-886.0,-0.0018775721254709824,1
2010-06-29,23187.0,0.050815587216221016,-1
2010-07-06,29118.0,0.06259754666116321,1
2010-07-13,-26129.0,-0.053921477583449416,1
2010-07-20,-59222.0,-0.11806712972192761,-1
2010-07-27,-52233.0,-0.10263559676725281,-1
2010-08-03,-77790.0,-0.1460154067934048,-1
2010-08-10,-95893.0,-0.17243810027315182,-1
2010-08-17,-107102.0,-0.18670724989366078,-1
2010-08-24,-106870.0,-0.1846068273605732,-1
2010-08-31,-108158.0,-0.1900856948027754,-1
2010-09-07,-114799.0,-0.1967592711616611,-1
2010-09-14,-120122.0,-0.20313044301721134,-1
2010-09-21,-139825.0,-0.23035837552245592,-1
2010-09-28,-156977.0,-0.24490652404882,-1
2010-10-05,-140340.0,-0.21315050849928918,-1
2010-10-12,-145835.0,-0.20305370720779048,-1
2010-10-19,-162586.0,-0.22230699602656975,-1
2010-10-26,-172202.0,-0.23286337488404296,-1
2010-11-02,-179666.0,-0.25385732694307545,-1
2010-11-09,-177843.0,-0.2518633808661269,-1
2010-11-16,-160029.0,-0.22450348127769837,-1
2010-11-23,-166778.0,-0.2333518957445439,-1
2010-11-30,-172362.0,-0.2400919348098621,-1
2010-12-07,-179802.0,-0.2615765997747964,-1
2010-12-14,-183110.0,-0.26703319139007176,-1
2010-12-21,-186802.0,-0.2655300736596419,-1
2010-12-28,-203215.0,-0.2858032912770329,-1
2011-01-04,-192117.0,-0.2756503610685851,-1
2011-01-11,-192389.0,-0.27308781467576065,-1
2011-01-18,-203260.0,-0.27619549738561383,-1
2011-01-25,-186699.0,-0.2645597189728736,-1
2011-02-01,-194664.0,-0.27099522503584705,-1
2011-02-08,-202008.0,-0.27665582912659653,-1
2011-02-15,-177574.0,-0.2486982047971048,-1
2011-02-22,-143663.0,-0.21227335793008986,-1
2011-03-01,-136125.0,-0.20415861155646475,-1
2011-03-08,-148871.0,-0.22102015698605773,-1
2011-03-15,-128082.0,-0.1906384980159498,-1
2011-03-22,-138198.0,-0.2038030013449423,-1
2011-03-29,-135727.0,-0.1993531491384869,-1
2011-04-05,-142779.0,-0.20604011446432513,-1
2011-04-12,-119648.0,-0.17874718018435246,-1
2011-04-19,-107150.0,-0.1619123029172925,-1
2011-04-26,-104509.0,-0.1632715870974999,-1
2011-05-03,-100740.0,-0.15829268905872887,-1
2011-05-10,-82210.0,-0.1345397891484438,-1
2011-05-17,-77971.0,-0.12867627036688029,-1
2011-05-24,-89886.0,-0.14708067297843025,-1
2011-05-31,-100113.0,-0.16187753557690288,-1
2011-06-07,-112280.0,-0.17723197373405733,-1
2011-06-14,-91457.0,-0.1453819142526956,-1
2011-06-21,-73101.0,-0.11269766143988949,-1
2011-06-28,-48480.0,-0.0804992013177427,-1
2011-07-05,-47513.0,-0.07879344684224229,-1
2011-07-12,-69616.0,-0.11878687774930126,-1
2011-07-19,-117491.0,-0.19612199555645324,-1
2011-07-26,-120304.0,-0.20437132848838196,-1
2011-08-02,-103106.0,-0.1795721172602129,-1
2011-08-09,-69597.0,-0.12244133206429854,-1
2011-08-16,-86005.0,-0.15005644236859048,-1
2011-08-23,-134196.0,-0.23060188542422044,-1
2011-08-30,-191724.0,-0.32179902918487785,-1
2011-09-06,-193048.0,-0.3099400182385656,-1
2011-09-13,-174262.0,-0.2640677421603421,-1
2011-09-20,-133659.0,-0.20211766947480164,-1
2011-09-27,-88024.0,-0.13653058692145428,-1
2011-10-04,-72834.0,-0.11521632523926284,-1
2011-10-11,-65027.0,-0.10197994181715532,-1
2011-10-18,-75560.0,-0.11208853154529676,-1
2011-10-25,-31098.0,-0.04921145830366214,-1
2011-11-01,-21315.0,-0.03653075250093833,-1
2011-11-08,-12894.0,-0.02251204693065158,-1
2011-11-15,10238.0,0.018055864187733018,-1
2011-11-22,28178.0,0.04970559077647125,1
2011-11-29,24414.0,0.04357090846789737,1
2011-12-06,27839.0,0.04766193054873111,1
2011-12-13,14685.0,0.024687518387451982,1
2011-12-20,6204.0,0.010968455965291307,1
2011-12-27,-574.0,-0.0011153080892868246,1
2012-01-03,-11900.0,-0.024260166844710468,-1
2012-01-10,-20068.0,-0.040246436220990396,-1
2012-01-17,-10788.0,-0.021423124582975885,-1
2012-01-24,-18677.0,-0.03769377165772271,-1
2012-01-31,-18996.0,-0.03610102814572683,-1
2012-02-07,-42160.0,-0.07779573821069802,-1
2012-02-14,-55948.0,-0.09851595680990582,-1
2012-02-21,-71777.0,-0.1271363717680984,-1
2012-02-28,-94842.0,-0.17019894408533456,-1
2012-03-06,-126897.0,-0.21415805541913696,-1
2012-03-13,-141648.0,-0.2262169413568417,-1
2012-03-20,-167002.0,-0.2518488804169482,-1
2012-03-27,-181740.0,-0.25340494595589463,-1
2012-04-03,-199155.0,-0.24961177350885308,-1
2012-04-10,-196209.0,-0.24192182165433893,-1
2012-04-17,-198224.0,-0.2405018138581187,-1
2012-04-24,-215259.0,-0.2562671209637384,-1
2012-05-01,-226818.0,-0.27720364295875516,-1
2012-05-08,-216014.0,-0.26305444874180445,-1
2012-05-15,-211263.0,-0.25512975493351336,-1
2012-05-22,-215171.0,-0.2684500038052178,-1
2012-05-29,-207522.0,-0.2604835065521916,-1
2012-06-05,-186346.0,-0.2342972816657027,-1
2012-06-12,-212614.0,-0.2698743123481581,-1
2012-06-19,-217271.0,-0.275651508673461,-1
2012-06-26,-226969.0,-0.2915094933335388,-1
2012-07-03,-250413.0,-0.3186722847133053,-1
2012-07-10,-253748.0,-0.309481993189513,-1
2012-07-17,-260845.0,-0.29979392723206233,-1
2012-07-24,-252365.0,-0.290898255636359,-1
2012-07-31,-243526.0,-0.2972178013845087,-1
2012-08-07,-231027.0,-0.2866030589750238,-1
2012-08-14,-225519.0,-0.28466174809242206,-1
2012-08-21,-248441.0,-0.3123829857325895,-1
2012-08-28,-227917.0,-0.2948736691890997,-1
2012-09-04,-233765.0,-0.3037356766146982,-1
2012-09-11,-229604.0,-0.2997989188624553,-1
2012-09-18,-206882.0,-0.26920584522895546,-1
2012-09-25,-206376.0,-0.2626885429527895,-1
2012-10-02,-199423.0,-0.25196437528506976,-1
2012-10-09,-196768.0,-0.24935939191021603,-1
2012-10-16,-186646.0,-0.24226148446585813,-1
2012-10-23,-192784.0,-0.2561750213939842,-1
2012-10-30,-172941.0,-0.2481151876778108,-1
2012-11-06,-171991.0,-0.2555879350237694,-1
2012-11-13,-141408.0,-0.2176813780576038,-1
2012-11-20,-126369.0,-0.19471850572357058,-1
2012-11-27,-117057.0,-0.18114193838911696,-1
2012-12-04,-115653.0,-0.1821063322232457,-1
2012-12-11,-127886.0,-0.20224630255184017,-1
2012-12-18,-135613.0,-0.20870891437137085,-1
2012-12-24,-110645.0,-0.1783633036988079,-1
2012-12-31,-108451.0,-0.1819198955962204,-1
2013-01-08,-75999.0,-0.13331497304721693,-1
2013-01-15,-77670.0,-0.14440238569771247,-1
2013-01-22,-88166.0,-0.16052947816903973,-1
2013-01-29,-91341.0,-0.1630131583409033,-1
2013-02-05,-114675.0,-0.19208060098992488,-1
2013-02-12,-121753.0,-0.19472659779832419,-1
2013-02-19,-107375.0,-0.1612956528662181,-1
2013-02-26,-118064.0,-0.1869006196037955,-1
2013-03-05,-118549.0,-0.1899534525993639,-1
2013-03-12,-128399.0,-0.20003739045764363,-1
2013-03-19,-99549.0,-0.15952163859452895,-1
2013-03-26,-105282.0,-0.16715514586105176,-1
2013-04-02,-83412.0,-0.1397789999698362,-1
2013-04-09,-54720.0,-0.09390799350607004,-1
2013-04-16,-65899.0,-0.11440739023928695,-1
2013-04-23,-64435.0,-0.10529954030013679,-1
2013-04-30,-69806.0,-0.12220039843008743,-1
2013-05-07,-47962.0,-0.08627965964489377,-1
2013-05-14,-58122.0,-0.10247612733966176,-1
2013-05-21,-67888.0,-0.12029968599598811,-1
2013-05-28,-72333.0,-0.13555735883072806,-1
2013-06-04,-85554.0,-0.15064817064795935,-1
2013-06-11,-95053.0,-0.15965875592717574,-1
2013-06-18,-76376.0,-0.12570732590483402,-1
2013-06-25,-87292.0,-0.1567783672721656,-1
2013-07-02,-80362.0,-0.15558653269055778,-1
2013-07-09,-79583.0,-0.15637901322628123,-1
2013-07-16,-93912.0,-0.18346415775510763,-1
2013-07-23,-80892.0,-0.1638040313141663,-1
2013-07-30,-46808.0,-0.09919681268145887,-1
2013-08-06,-16836.0,-0.035876847542576584,-1
2013-08-13,-25801.0,-0.051207802337605114,-1
2013-08-20,-80076.0,-0.144293040504258,-1
2013-08-27,-122304.0,-0.2050814262334666,-1
2013-09-03,-148068.0,-0.23984993585340883,-1
2013-09-10,-134816.0,-0.2117231718271991,-1
2013-09-17,-140448.0,-0.22062552035061814,-1
2013-09-24,-126214.0,-0.1990405480419863,-1
2013-10-01,-112840.0,-0.17733104519081475,-1
2013-10-08,-107172.0,-0.16310988137961263,-1
2013-10-15,-108885.0,-0.15713096195002,-1
2013-10-22,-116220.0,-0.1653802807281172,-1
2013-10-29,-104918.0,-0.16811626714523778,-1
2013-11-05,-86299.0,-0.14908466483202298,-1
2013-11-12,-109016.0,-0.18504637362338913,-1
2013-11-19,-114518.0,-0.19204698290463557,-1
2013-11-26,-128789.0,-0.21334868426501893,-1
2013-12-03,-129451.0,-0.2173400602738346,-1
2013-12-10,-144004.0,-0.22733788417456538,-1
2013-12-17,-145089.0,-0.22106004116812655,-1
2013-12-24,-144934.0,-0.23265676970296267,-1
2013-12-31,-132358.0,-0.23974597700316624,-1
2014-01-07,-105010.0,-0.19342135315744105,-1
2014-01-14,-119675.0,-0.21595865431637604,-1
2014-01-21,-122327.0,-0.21545964854187324,-1
2014-01-28,-112998.0,-0.20326452197814057,-1
2014-02-04,-123363.0,-0.20839154223897213,-1
2014-02-11,-147948.0,-0.23173432659083576,-1
2014-02-18,-158952.0,-0.24379215887165298,-1
2014-02-25,-168209.0,-0.24900927147219964,-1
2014-03-04,-164842.0,-0.25366785979188533,-1
2014-03-11,-154526.0,-0.2346208739485591,-1
2014-03-18,-146657.0,-0.22806646502188804,-1
2014-03-25,-135384.0,-0.22382626119676885,-1
2014-04-01,-139845.0,-0.22028142213793245,-1
2014-04-08,-124431.0,-0.19770189088748258,-1
2014-04-15,-126030.0,-0.19406069266255643,-1
2014-04-22,-97315.0,-0.14992735883502983,-1
2014-04-29,-112329.0,-0.18527486338887944,-1
2014-05-06,-82416.0,-0.1433640880056778,-1
2014-05-13,-76677.0,-0.13152211760952456,-1
2014-05-20,-67417.0,-0.11222456565562404,-1
2014-05-27,-71697.0,-0.1159986086056125,-1
2014-06-03,-44851.0,-0.07240653952889174,-1
2014-06-10,-23169.0,-0.039103467481287076,-1
2014-06-17,16418.0,0.029803007529715875,-1
2014-06-24,24805.0,0.046073833294636636,1
2014-07-01,46162.0,0.08934453833558491,1
2014-07-08,63094.0,0.12363469625298339,1
2014-07-15,73728.0,0.13684300398308766,1
2014-07-22,79927.0,0.1394947423535058,1
2014-07-29,77481.0,0.1402510657169492,1
2014-08-05,78366.0,0.1402488349285208,1
2014-08-12,72211.0,0.12560772178474952,1
2014-08-19,77067.0,0.13237954057856252,1
2014-08-26,91303.0,0.1565694413244002,1
2014-09-02,96540.0,0.16248640897293912,1
2014-09-09,106130.0,0.17248440603150972,1
2014-09-16,124466.0,0.19389341516987835,1
2014-09-23,130404.0,0.1993347559447016,1
2014-09-30,125708.0,0.19209364160083128,1
2014-10-07,112105.0,0.17174499533505633,1
2014-10-14,100875.0,0.1503776771698735,1
2014-10-21,85976.0,0.13163084083532367,1
2014-10-28,87175.0,0.1445249617446115,1
2014-11-04,72710.0,0.12184821844531661,1
2014-11-11,55286.0,0.09041312745101246,1
2014-11-18,58982.0,0.09231197823902638,1
2014-11-25,60134.0,0.09354485436409908,1
2014-12-02,79774.0,0.127725866673498,1
2014-12-09,52114.0,0.08154994022320841,1
2014-12-16,51202.0,0.08183913484069164,1
2014-12-23,50524.0,0.08378967339208539,1
2014-12-30,46470.0,0.0829220243894605,1
2015-01-06,44544.0,0.07866240013562482,1
2015-01-13,66629.0,0.11617088866920179,1
2015-01-20,88394.0,0.15056140733372395,1
2015-01-27,114358.0,0.18024859483707045,1
2015-02-03,99374.0,0.1504157950661609,1
2015-02-10,112534.0,0.1721282388571079,1
2015-02-17,95499.0,0.1488100524969965,1
2015-02-24,78092.0,0.12911695457792122,1
2015-03-03,70819.0,0.1208105097415724,1
2015-03-10,80729.0,0.13023684265716778,1
2015-03-17,82074.0,0.12463516341338225,1
2015-03-24,75254.0,0.111075686861441,1
2015-03-31,79607.0,0.11270271609482618,1
2015-04-07,72592.0,0.10207404699298339,1
2015-04-14,97842.0,0.13061971003657918,1
2015-04-21,72871.0,0.10486741009689345,1
2015-04-28,67586.0,0.10516733784380972,1
2015-05-05,68675.0,0.10728440404236074,1
2015-05-12,74444.0,0.11543853119960303,1
2015-05-19,110973.0,0.17805049842202458,1
2015-05-26,120457.0,0.19432027346831449,1
2015-06-02,111551.0,0.1676095086553646,1
2015-06-09,96617.0,0.14366733332837675,1
2015-06-16,76671.0,0.11654589647357116,1
2015-06-23,19419.0,0.029386706294859784,1
2015-06-30,-40877.0,-0.05866431303324507,1
2015-07-07,-61587.0,-0.087337997070156,-1
2015-07-14,-76714.0,-0.10546010431358964,-1
2015-07-21,-84404.0,-0.11621381226575903,-1
2015-07-28,-56684.0,-0.08476644514496612,-1
2015-08-04,-53690.0,-0.07870495244573185,-1
2015-08-11,-77707.0,-0.11084831980782316,-1
2015-08-18,-39247.0,-0.055949728355779084,-1
2015-08-25,-11599.0,-0.017000775360821268,-1
2015-09-01,1070.0,0.0016032604623982978,-1
2015-09-08,-6356.0,-0.009611139001627059,1
2015-09-15,-1915.0,-0.0028784050479558816,-1
2015-09-22,8761.0,0.012910042306507776,-1
2015-09-29,-15907.0,-0.02255931268339103,1
2015-10-06,-23094.0,-0.03229171327576178,-1
2015-10-13,-43651.0,-0.06085942978878846,-1
2015-10-20,-44152.0,-0.05765398728144057,-1
2015-10-27,-10868.0,-0.015345470770464628,-1
2015-11-03,8764.0,0.012779981334577695,-1
2015-11-10,40501.0,0.05809085184903636,1
2015-11-17,36900.0,0.05249978658623339,1
2015-11-24,43688.0,0.06114537001010505,1
2015-12-01,34398.0,0.0481519225492886,1
2015-12-08,20775.0,0.028222492409474064,1
2015-12-15,34322.0,0.04783180685549281,1
2015-12-22,40778.0,0.0566373697193271,1
2015-12-29,70853.0,0.10578879865742752,1
2016-01-05,94477.0,0.14481342111111964,1
2016-01-12,74932.0,0.1101202722879951,1
2016-01-19,49786.0,0.07224806921511889,1
2016-01-26,53445.0,0.07410514347515616,1
2016-02-02,51668.0,0.07016238325054386,1
2016-02-09,84218.0,0.11318163247752978,1
2016-02-16,66813.0,0.08831425297110386,1
2016-02-23,44877.0,0.06244668786396621,1
2016-03-01,83858.0,0.12405323202916045,1
2016-03-08,55798.0,0.08032719388915602,1
2016-03-15,4991.0,0.006981073750966874,1
2016-03-22,-23657.0,-0.03183808161326226,1
2016-03-29,-40546.0,-0.054431175023895696,-1
2016-04-05,-25342.0,-0.03380483848591887,-1
2016-04-12,-41572.0,-0.04993441693532501,-1
2016-04-19,-87734.0,-0.09747507405012522,-1
2016-04-26,-127119.0,-0.1563165952423406,-1
2016-05-03,-139578.0,-0.17539595972796776,-1
2016-05-10,-173051.0,-0.20925378873530667,-1
2016-05-17,-175007.0,-0.19710192915651634,-1
2016-05-24,-175935.0,-0.18886244553438297,-1
2016-05-31,-184197.0,-0.19362478437605446,-1
2016-06-07,-199581.0,-0.21091850225152628,-1
2016-06-14,-207364.0,-0.21669941060903733,-1
2016-06-21,-203179.0,-0.21565027081128757,-1
2016-06-28,-208645.0,-0.2447204677539483,-1
2016-07-05,-181461.0,-0.21987570414727448,-1
2016-07-12,-175425.0,-0.20911337360039767,-1
2016-07-19,-165305.0,-0.19540083146271953,-1
2016-07-26,-145037.0,-0.1884965838836246,-1
2016-08-02,-127908.0,-0.170828714524207,-1
2016-08-09,-131534.0,-0.17850367093245756,-1
2016-08-16,-123125.0,-0.16557538201686617,-1
2016-08-23,-142699.0,-0.19434264196168957,-1
2016-08-30,-103541.0,-0.14869551605634693,-1
2016-09-06,-89446.0,-0.13153475349181934,-1
2016-09-13,-76748.0,-0.11505894769666222,-1
2016-09-20,-88431.0,-0.12686373385170469,-1
2016-09-27,-55583.0,-0.08227850911927667,-1
2016-10-04,-67706.0,-0.0987875162321082,-1
2016-10-11,-78998.0,-0.11239091403157837,-1
2016-10-18,-100702.0,-0.1348497265564322,-1
2016-10-25,-81547.0,-0.11779090947171976,-1
2016-11-01,-92904.0,-0.13859401013229267,-1
2016-11-08,-106996.0,-0.15888544376729985,-1
2016-11-15,-71065.0,-0.1053462499166154,-1
2016-11-22,-87846.0,-0.12323347950878315,-1
2016-11-29,-105877.0,-0.1379301809635845,-1
2016-12-06,-94909.0,-0.12093106818260006,-1
2016-12-13,-90649.0,-0.11599879713102954,-1
2016-12-20,-75255.0,-0.09785920394063559,-1
2016-12-27,-70268.0,-0.09502918440541169,-1
2017-01-03,-64507.0,-0.09440744171887783,-1
2017-01-10,-58200.0,-0.08523251488640059,-1
2017-01-17,-88367.0,-0.12075574316429871,-1
2017-01-24,-115016.0,-0.1509055698713676,-1
2017-01-31,-99547.0,-0.13041473265811707,-1
2017-02-07,-92951.0,-0.12106857005164408,-1
2017-02-14,-109161.0,-0.13833309889408035,-1
2017-02-21,-98320.0,-0.12515115642621658,-1
2017-02-28,-80865.0,-0.11486195685059636,-1
2017-03-07,-73182.0,-0.10427222314044876,-1
2017-03-14,-35723.0,-0.05009781716954275,-1
2017-03-21,-2412.0,-0.003277592518609714,-1
2017-03-28,17496.0,0.023391937963767633,-1
2017-04-04,42924.0,0.0557638493736895,1
2017-04-11,64173.0,0.08336808465031081,1
2017-04-18,73859.0,0.09523005215418039,1
2017-04-25,99348.0,0.14763365312600307,1
2017-05-02,93386.0,0.147344405279949,1
2017-05-09,85212.0,0.13541878559804718,1
2017-05-16,86606.0,0.13709034039104448,1
2017-05-23,101585.0,0.15525871357720905,1
2017-05-30,117192.0,0.17524351838836735,1
2017-06-06,111296.0,0.1634936304235416,1
2017-06-13,89810.0,0.13174803426827836,1
2017-06-20,93845.0,0.13544681066023914,1
2017-06-27,134427.0,0.20607681871488467,1
2017-07-03,91780.0,0.14146028692794743,1
2017-07-11,18153.0,0.025042454775834645,1
2017-07-18,-5519.0,-0.007758781875463046,1
2017-07-25,-21381.0,-0.03045730834374408,-1
2017-08-01,-17700.0,-0.025912121309718657,-1
2017-08-08,-4280.0,-0.0061491779066359395,-1
2017-08-15,3456.0,0.004947079419519778,-1
2017-08-22,17567.0,0.025065742818943634,1
2017-08-29,49981.0,0.07391113391725608,1
2017-09-05,32300.0,0.047031209502925254,1
2017-09-12,32292.0,0.046371234096326715,1
2017-09-19,14987.0,0.021792014005516707,1
2017-09-26,-69.0,-9.705938205526758e-05,1
2017-10-03,-5040.0,-0.006780335949502641,-1
2017-10-10,-12328.0,-0.015533334677338063,-1
2017-10-17,-42145.0,-0.05053508798225367,-1
2017-10-24,-19533.0,-0.023432354715921838,-1
2017-10-31,-31638.0,-0.04414374693039246,-1
2017-11-07,-37475.0,-0.050698550948154224,-1
2017-11-14,-14696.0,-0.019584378339912098,-1
2017-11-21,-19452.0,-0.024863107198183965,-1
2017-11-28,-25518.0,-0.03172120937887689,-1
2017-12-05,-54772.0,-0.06554544214333069,-1
2017-12-12,-14955.0,-0.018407445199232438,-1
2017-12-19,29127.0,0.0359775145166251,-1
2017-12-26,59953.0,0.07915245756412745,1
2018-01-02,77954.0,0.10785868262810241,1
2018-01-09,97040.0,0.13037753593980922,1
2018-01-16,111976.0,0.14468192871337276,1
2018-01-23,105646.0,0.13174657807574125,1
2018-01-30,59188.0,0.07090693016168141,1
2018-02-06,42036.0,0.050071350125428515,1
2018-02-13,1026.0,0.0012208675537193623,1
2018-02-20,-50023.0,-0.0560306638036961,1
2018-02-27,-100575.0,-0.1197023597700096,-1
2018-03-06,-132450.0,-0.14761936605590478,-1
2018-03-13,-137472.0,-0.15000130936897144,-1
2018-03-20,-130168.0,-0.13637439889365002,-1
2018-03-27,-122494.0,-0.12459365222733505,-1
2018-04-03,-140694.0,-0.13732755238093378,-1
2018-04-10,-145836.0,-0.13645320473594683,-1
2018-04-17,-157680.0,-0.14141526474107052,-1
2018-04-24,-129747.0,-0.12272318400957972,-1
2018-05-01,-147384.0,-0.1501411928657873,-1
2018-05-08,-116968.0,-0.11723811662069408,-1
2018-05-15,-103362.0,-0.10139115865800569,-1
2018-05-22,-93936.0,-0.08854569242776725,-1
2018-05-29,-97560.0,-0.09195584309822197,-1
2018-06-05,-78736.0,-0.07578128759660824,-1
2018-06-12,-49748.0,-0.05011766791856735,-1
2018-06-19,-22692.0,-0.02285693564763332,-1
2018-06-26,28998.0,0.03207601433564886,-1
2018-07-03,34663.0,0.041536004141258125,1
2018-07-10,22577.0,0.026469281353794064,1
2018-07-17,25186.0,0.028725236373590028,1
2018-07-24,34505.0,0.040027562813866324,1
2018-07-31,33024.0,0.042828796347932095,1
2018-08-07,44016.0,0.0560474906218246,1
2018-08-14,62366.0,0.07801425537078224,1
2018-08-21,48053.0,0.05924007313010921,1
2018-08-28,73013.0,0.0904708977204154,1
2018-09-04,86599.0,0.10782566903113906,1
2018-09-11,96525.0,0.11772303346736868,1
2018-09-18,99087.0,0.11745579419898508,1
2018-09-25,82866.0,0.0965561117480914,1
2018-10-02,69311.0,0.08039422877285449,1
2018-10-09,71183.0,0.08546906949742511,1
2018-10-16,62978.0,0.07361302026350978,1
2018-10-23,67953.0,0.08163983703990264,1
2018-10-30,98621.0,0.13906166057285152,1
2018-11-06,68197.0,0.09464877790839205,1
2018-11-13,76986.0,0.10417112067915685,1
2018-11-20,73478.0,0.10029099922473002,1
2018-11-27,72003.0,0.09698274991211304,1
2018-12-04,22179.0,0.029633281626403402,1
2018-12-11,30558.0,0.03982349322852049,1
2018-12-18,18910.0,0.02427508511042532,1
2018-12-24,30752.0,0.04076741152389942,1
2018-12-31,37425.0,0.053340003506116465,1
2019-01-08,25128.0,0.0352228763666947,1
2019-01-15,39592.0,0.05535995436075696,1
2019-01-22,49493.0,0.06858662468663951,1
2019-01-29,29898.0,0.041623161288705864,1
2019-02-05,32003.0,0.042184532118532694,1
2019-02-12,48504.0,0.06323265612615243,1
2019-02-19,70488.0,0.09624275325710883,1
2019-02-26,64016.0,0.10019094124643942,1
2019-03-05,68491.0,0.11160066154485389,1
2019-03-12,103279.0,0.15913289605260927,1
2019-03-19,76205.0,0.11548889363746444,1
2019-03-26,63602.0,0.09209592734496949,1
2019-04-02,76260.0,0.10854681633013263,1
2019-04-09,68121.0,0.0935469739810849,1
2019-04-16,88307.0,0.11870289394340619,1
2019-04-23,114541.0,0.14823994108762698,1
2019-04-30,145279.0,0.22092674907883192,1
2019-05-07,139026.0,0.20705339191302405,1
2019-05-14,142665.0,0.21619020919677834,1
2019-05-21,119045.0,0.17420565178771333,1
2019-05-28,92136.0,0.13249162364648193,1
2019-06-04,71470.0,0.10017885577160286,1
2019-06-11,71790.0,0.10352435612724599,1
2019-06-18,21712.0,0.03018364311234065,1
2019-06-25,16929.0,0.02661185735956425,1
2019-07-02,17169.0,0.02698666934924859,1
2019-07-09,18164.0,0.028260876329882407,1
2019-07-16,12380.0,0.019503803084058555,1
2019-07-23,13355.0,0.021275375525113865,1
2019-07-30,28124.0,0.05008851511880973,1
2019-08-06,42744.0,0.07289172652301144,1
2019-08-13,33575.0,0.05813057607703881,1
2019-08-20,37204.0,0.06321813689673102,1
2019-08-27,42659.0,0.07396150651989604,1
2019-09-03,37203.0,0.06318970158861725,1
2019-09-10,55163.0,0.08968033203979145,1
2019-09-17,18033.0,0.028092504459313147,1
2019-09-24,5253.0,0.007911895255122097,1
2019-10-01,-33401.0,-0.046777425946129145,1
2019-10-08,-40606.0,-0.05577839195151568,-1
2019-10-15,-74781.0,-0.09364797697778302,-1
2019-10-22,-89450.0,-0.105298721112011,-1
2019-10-29,-101927.0,-0.13362165591902497,-1
2019-11-05,-86627.0,-0.11626708398819438,-1
2019-11-12,-60950.0,-0.07677811565467357,-1
2019-11-19,-55283.0,-0.06769427066687728,-1
2019-11-26,-12217.0,-0.014811554879859946,-1
2019-12-03,28263.0,0.033298341975138465,-1
2019-12-10,42418.0,0.048080977533948445,1
2019-12-17,16356.0,0.019434364462061638,1
2019-12-24,-15478.0,-0.01903578895584799,1
2019-12-31,-20251.0,-0.02597984063918798,-1
2020-01-07,-19910.0,-0.02530985825970889,-1
2020-01-14,-25877.0,-0.03197679806930675,-1
2020-01-21,-8400.0,-0.009970870813124515,-1
2020-01-28,15938.0,0.01838814704056745,-1
2020-02-04,24321.0,0.028338128012695706,1
2020-02-11,22313.0,0.025455914481452537,1
2020-02-18,11050.0,0.012595434639383018,1
2020-02-25,28511.0,0.03480835322341393,1
2020-03-03,-16418.0,-0.019834826563058752,1
2020-03-10,-33696.0,-0.03924007294628945,-1
2020-03-17,-32581.0,-0.03745807939535456,-1
2020-03-24,-63502.0,-0.07161642772720302,-1
2020-03-31,-91567.0,-0.09834377090961034,-1
2020-04-07,-97714.0,-0.10213480280459405,-1
2020-04-14,-101842.0,-0.10579514124786783,-1
2020-04-21,-89836.0,-0.09365018472341526,-1
2020-04-28,-88343.0,-0.09633190087114492,-1
2020-05-05,-92973.0,-0.10350632072898518,-1
2020-05-12,-117721.0,-0.1221145597450678,-1
2020-05-19,-104564.0,-0.10799589350376257,-1
2020-05-26,-94863.0,-0.09719738970863222,-1
2020-06-02,-86258.0,-0.08808973801222623,-1
2020-06-09,-94019.0,-0.09793615228285744,-1
2020-06-16,-102188.0,-0.10210305026218186,-1
2020-06-23,-117196.0,-0.12077529669278744,-1
2020-06-30,-127292.0,-0.14286612165371476,-1
2020-07-07,-152419.0,-0.16455510343331006,-1
2020-07-14,-127311.0,-0.14026673717959312,-1
2020-07-21,-118291.0,-0.12674474794305374,-1
2020-07-28,-107415.0,-0.1175284397707093,-1
2020-08-04,-81679.0,-0.08685901082879696,-1
2020-08-11,-66842.0,-0.06940239308571831,-1
2020-08-18,-134029.0,-0.14007857334714308,-1
2020-08-25,-143670.0,-0.14730187503075837,-1
2020-09-01,-188138.0,-0.19022591969456756,-1
2020-09-08,-182326.0,-0.17917714092537743,-1
2020-09-15,-195799.0,-0.1843982117614263,-1
2020-09-22,-201737.0,-0.18681894665292406,-1
2020-09-29,-218443.0,-0.19889753785274827,-1
2020-10-06,-246344.0,-0.2113474057728803,-1
2020-10-13,-241147.0,-0.19852113702203888,-1
2020-10-20,-251006.0,-0.20349780859988748,-1
2020-10-27,-268983.0,-0.23682396352152196,-1
2020-11-03,-257527.0,-0.23261634791782773,-1
2020-11-10,-277497.0,-0.24963319266763162,-1
2020-11-17,-274499.0,-0.2448725988793804,-1
2020-11-24,-279751.0,-0.25072169050792137,-1
2020-12-01,-267130.0,-0.23923389270700676,-1
2020-12-08,-260334.0,-0.2315541363882984,-1
2020-12-15,-261783.0,-0.2345765743323587,-1
2020-12-21,-264916.0,-0.23423372443611348,-1
2020-12-29,-250344.0,-0.23296395695530633,-1
2021-01-05,-236367.0,-0.2120931509651855,-1
2021-01-12,-226928.0,-0.20250724616988164,-1
2021-01-19,-224954.0,-0.20071880950298998,-1
2021-01-26,-231367.0,-0.2062224971455413,-1
2021-02-02,-238625.0,-0.2171187376768909,-1
2021-02-09,-246908.0,-0.2266229773017228,-1
2021-02-16,-228977.0,-0.21102801240490113,-1
2021-02-23,-226747.0,-0.22004209725455642,-1
2021-03-02,-213678.0,-0.21334986790316493,-1
2021-03-09,-215869.0,-0.2126023646668932,-1
2021-03-16,-212051.0,-0.21303030029043513,-1
2021-03-23,-215994.0,-0.21893339982606475,-1
2021-03-30,-196006.0,-0.19686432847213853,-1
2021-04-06,-224010.0,-0.22117323212476772,-1
2021-04-13,-216049.0,-0.2133145211533354,-1
2021-04-20,-239391.0,-0.2314385403161952,-1
2021-04-27,-248464.0,-0.257783384932064,-1
2021-05-04,-240671.0,-0.2625111392523803,-1
2021-05-11,-242090.0,-0.2568283517961753,-1
2021-05-18,-217046.0,-0.23098698871702747,-1
2021-05-25,-204446.0,-0.21616929310359412,-1
2021-06-01,-213475.0,-0.2272981361499598,-1
2021-06-08,-222616.0,-0.2347175683911088,-1
2021-06-15,-194308.0,-0.21056076427267958,-1
2021-06-22,-165947.0,-0.1845732049806192,-1
2021-06-29,-117406.0,-0.14611714162682046,-1
2021-07-06,-123663.0,-0.15667406984154333,-1
2021-07-13,-115525.0,-0.14959553201104825,-1
2021-07-20,-127539.0,-0.1621727813600292,-1
2021-07-27,-112331.0,-0.14611269294755314,-1
2021-08-03,-101867.0,-0.1354644985325466,-1
2021-08-10,-106486.0,-0.13789486497476128,-1
2021-08-17,-100593.0,-0.12779507662521294,-1
2021-08-24,-80417.0,-0.09752491877673333,-1
2021-08-31,-58196.0,-0.0721585315349497,-1
2021-09-07,-44835.0,-0.05710904790230767,-1
2021-09-14,-45602.0,-0.0581296335954151,-1
2021-09-21,-39359.0,-0.04986172394703071,-1
2021-09-28,-42564.0,-0.05169875672287892,-1
2021-10-05,-22592.0,-0.027306658415362898,-1
2021-10-12,-9665.0,-0.010819203442443293,-1
2021-10-19,-9575.0,-0.010567721157846988,-1
2021-10-26,-10177.0,-0.01329213038486706,-1
2021-11-02,-19885.0,-0.02702570465940273,-1
2021-11-09,9085.0,0.012101215982396293,-1
2021-11-16,-4927.0,-0.006257612454769794,1
2021-11-23,-29173.0,-0.035639894496236633,-1
2021-11-30,-16980.0,-0.021157929363916386,-1
2021-12-07,-22744.0,-0.02858205654079704,-1
2021-12-14,-27165.0,-0.035332219107882604,-1
2021-12-21,-72352.0,-0.09406796628988515,-1
2021-12-28,-93079.0,-0.12056349922865991,-1
2022-01-04,-91893.0,-0.1175293174211157,-1
2022-01-11,-104896.0,-0.12999972734956514,-1
2022-01-18,-92198.0,-0.11253677053962674,-1
2022-01-25,-112799.0,-0.13315728399229854,-1
2022-02-01,-155577.0,-0.17207618040585454,-1
2022-02-08,-176080.0,-0.18857497804528028,-1
2022-02-15,-186438.0,-0.1988057027692767,-1
2022-02-22,-196755.0,-0.21706609122170628,-1
2022-03-01,-189233.0,-0.22346967093570463,-1
2022-03-08,-189219.0,-0.2222933625308824,-1
2022-03-15,-193958.0,-0.22791613690150245,-1
2022-03-22,-193646.0,-0.22221125710023523,-1
2022-03-29,-178764.0,-0.2033155756536297,-1
2022-04-05,-170882.0,-0.1955936991362753,-1
2022-04-12,-170694.0,-0.19463087248322147,-1
2022-04-19,-174873.0,-0.19929796169560485,-1
2022-04-26,-177792.0,-0.21128437684941567,-1
2022-05-03,-165353.0,-0.20242885737196165,-1
2022-05-10,-147698.0,-0.18071852799890367,-1
2022-05-17,-156937.0,-0.18808973924132252,-1
2022-05-24,-159047.0,-0.18729061150566592,-1
2022-05-31,-158757.0,-0.182272525307496,-1
2022-06-07,-148390.0,-0.171042136372648,-1
2022-06-14,-155663.0,-0.17314877537922144,-1
2022-06-21,-152968.0,-0.1689735086901482,-1
2022-06-28,-106705.0,-0.13453166389084661,-1
2022-07-05,-93638.0,-0.12405571762810577,-1
2022-07-12,-87284.0,-0.12203183195946626,-1
2022-07-19,-74427.0,-0.104882747269317,-1
2022-07-26,-57573.0,-0.08320026127885014,-1
2022-08-02,-65632.0,-0.09583832247889956,-1
2022-08-09,-62971.0,-0.09083617868059553,-1
2022-08-16,-51650.0,-0.07317460182532734,-1
2022-08-23,-58359.0,-0.08153511057585508,-1
2022-08-30,-52791.0,-0.07302801129360467,-1
2022-09-06,-50826.0,-0.0706332618097324,-1
2022-09-13,-61424.0,-0.08092604352488887,-1
2022-09-20,-55485.0,-0.07188768496648869,-1
2022-09-27,-50206.0,-0.06390019524140442,-1
2022-10-04,-40083.0,-0.05079629397295376,-1
2022-10-11,-30614.0,-0.037013841198603306,-1
2022-10-18,-30595.0,-0.03777230442539059,-1
2022-10-25,-35301.0,-0.04742304049651726,-1
2022-11-01,-57886.0,-0.08712758623803775,-1
2022-11-08,-60966.0,-0.08805560129297271,-1
2022-11-15,-49046.0,-0.07014267081598097,-1
2022-11-22,-44439.0,-0.06366463854032209,-1
2022-11-29,-61551.0,-0.08718111422877482,-1
2022-12-06,-59882.0,-0.08577583860700565,-1
2022-12-13,-82011.0,-0.1123033756331623,-1
2022-12-20,-91681.0,-0.12738195969894392,-1
2022-12-27,-100081.0,-0.1468330993240874,-1
2023-01-03,-111329.0,-0.1637193584108212,-1
